Column1,Column2,Column3
充电慢快递员也不好说话,1,充电 慢 快递 员 不好 说话 
垃圾的不在垃圾别买,1,垃圾 垃圾 别买 
购买是显示有手机支架耳机钢化膜送结果一样都没有严重失信差评,1,购买 显示 手机 支架 耳机 钢化 膜 送 都 没有 失信 差评 
比我们当地实体店还贵太烫人了都是买了第二天才知道早知道去实体店购买京东的东西太贵了,1,实体店 还贵 太 烫 都 买 第二天 知道 早 知道 实体店 购买 京东 东西 太贵 
买完第二天就降价还宣称跟双十一一个价虚假宣传做的真可以申请价保居然因为同一个订单里买了其它东西给驳回说不符合价保规则京东真是奇葩到家了打客服电话客服也迷迷糊糊什么都不清楚我也是醉了,1,买 完 第二天 降价 还 宣称 双十 价 虚假 宣传 做 真 申请 价保 同一个 订单 里 买 东西 驳回 说 符合 价保 规则 京东 真是 奇葩 到家 客服 电话 客服 迷迷糊糊 都 清楚 醉 
外观有损伤就算了买完就开始送耳机真的很让人生气退换太麻烦这是在京东这么多年第一个差评,1,外观 损伤 买 完 送 耳机 真的 生气 退换 太 麻烦 京东 多年 第一个 差评 
不流畅很卡果真一分钱一分货,1,流畅 很卡 一分钱 一分货 
什么垃圾还没收到货就显示已收货,1,垃圾 还 没收 到货 显示 收货 
不好用我又买了个真我手机希望别失望,1,不好 买 真 手机 希望 失望 
差评差评差评打开包装没有充电器线,1,差评 差评 差评 打开 包装 没有 充电器 线 
明天是我妈生日本打算送她一个华为手机没想到收到的新手机屏幕竟然有划痕对京东和华为表示失望,1,明天 妈生 日本 打算 送 华为 手机 没想到 收到 新手机 屏幕 竟然 划痕 京东 华为 表示 失望 
网络信号非常差看视频超级卡,1,网络 信号 非常 差看 视频 超级 卡 
差评买回来包装服了而且还没有耳机大家不要相信不要买了快递哥态度特别差一个服务态度都没有气死了,1,差评 买回来 包装 服 还 没有 耳机 相信 买 快递 哥 态度 特别 差 服务态度 都 没有 气死 
买了就降价京东就是个骗局客服态度极其差,1,买 降价 京东 骗局 客服 态度 极其 差 
像素太垃圾了黑乎乎的,1,像素 太 垃圾 黑乎乎 
变相强制升级用户体验极差,1,变相 强制 升级 用户 体验 极差 
特别差京东上不如实体店京东上买的太差了,1,特别 差 京东 实体店 京东 买 太差 
这手机垃圾中的战斗机不亏是千元机,1,手机 垃圾 中 战斗机 不亏 千元 机 
太卡了卡的要命还说没毛病,1,太卡 卡 要命 还 说 没 毛病 
手机差服务差售后更差垃圾,1,手机 差 服务 差 售后 更差 垃圾 
充电器冲电时松一碰就掉了差评,1,充电器 冲电时 松 碰 掉 差评 
拍照效果极差这是买过最差的手机,1,拍照 效果 极差 买 最差 手机 
手机质量有问题退货还退不了垃圾,1,手机 质量 问题 退货 还 退 垃圾 
太厚了而且款式不好看,1,太厚 款式 好看 
耳机都没有差评,1,耳机 都 没有 差评 
质量很差服务态度不行,1,质量 很差 服务态度 不行 
发货速度太慢不知道怎么查询真假了,1,发货 速度 太慢 知道 查询 真假 
不好意思手机是可以挺好用的但是后台客服服务态度太差劲了直接差评,1,不好意思 手机 挺好用 后台 客服 服务态度 太 差劲 直接 差评 
不怎么样手机速度太卡,1,不怎么样 手机 速度 太卡 
槽腻獁邵子筆的又取消労龇返利京东真是豿労龇大不了就退货艸你们族踪十八代的,1,槽 腻 獁 邵子筆 取消 労 龇 返利 京东 真是 豿 労 龇 退货 艸 族踪 十八代 
差劲我刚刚买它就降价还不能申请价格保护,1,差劲 刚刚 买 降价 还 申请 价格 保护 
这手机也太辣鸡了各种卡,1,手机 太辣鸡 卡 
什么都好就是骗我说有人脸识别就必须给个差评,1,都 骗 说 人脸识别 差评 
感觉被人用过手机里面这么多第三方软件无语了哎懒得退给父母买的,1,感觉 人用 手机 里面 第三方 软件 无语 懒得 退 父母 买 
这个手机最让人讨厌的就是拍照太不清晰效果真是醉了你想拍个真实的自己太难了问题是把人还特丑,1,手机 最让人 讨厌 拍照 太 清晰 效果 真是 醉 想 拍个 真实 太难 问题 还 特丑 
手机不错我是号买的提前发货页面上说的到号能补号的到手价现在说补不了欺骗消费者,1,手机 不错 号 买 提前 发货 页面 说 号 补号 到手 价 现在 说 补 欺骗 消费者 
对京东的服务越来越不满意除了物流快点也没其他好处了两天前买的啥也不送后面送耳机了问客户可以补不给我说价格波动左右的手机两天你波动个的东西服气最主要叫我重新买我没那精力买买退退想想耳机用的也少就是这服务感觉太不好了,1,京东 服务 越来越 满意 物流 快点 没 好处 两天 前 买 送 送 耳机 问 客户 补不给 说 价格 波动 手机 两天 波动 东西 服气 最 重新 买 没 精力 买买 退退 想想 耳机 少 服务 感觉 太 不好 
今年新款就是不支持下载速度慢运行内存和没啥区别软件打开很慢颜值还行有点厚不推荐,1,新款 支持 下载速度 慢 运行 内存 没 区别 软件 打开 很慢 颜值 还行 有点 厚 推荐 
拍照效果买来就是工作的时候拍照用的照出来的照片很多时候是虚的点击对焦取景框后不虚了可是会提升亮度但是拍出来的相片又太亮了亮的很假拍照不行这个手机算是彻底闲置了,1,拍照 效果 买来 工作 拍照 照出来 照片 虚 点击 对焦 取景框 虚 提升 亮度 拍 相片 太亮 亮 假 拍照 不行 手机 算是 闲置 
外形外观手机溢胶像素模糊前摄和手机屏偏移有磕伤浮高据我工作经验此手机属于不良应拆机,1,外形 外观 手机 溢胶 像素 模糊 前摄 手机 屏 偏移 磕伤 浮高据 工作 经验 手机 不良 应 拆机 
不好用手机用着用着突然没声音了要不就是网络不能用都要重启一下才正常没有返回键用着也不方便,1,不好 手机 突然 没 声音 网络 都 重启 正常 没有 返回 键用 方便 
买来打游戏的刚拿到手就感觉有点卡打王者上面设置根本按不出来吐了相机拍出来的感觉模糊煞白脸一样音质也差的不行带耳机感觉还好,1,买来 打游戏 拿到 手 感觉 有点 卡打 王者 设置 根本 吐 相机 拍 感觉 模糊 煞白 脸 音质 差 不行 耳机 感觉 还好 
第一次买华为手机居然不配耳机的我是看了包装盒送的清单只是当时没想到耳机这回事既然华为这么不走寻常路为什么不直接在首页说明让消费者直接看明白凭啥耳机要单独购买打着国家品牌玩着文字游戏垃圾玩意,1,第一次 买 华为 手机 不配 耳机 看 包装盒 送 清单 没想到 耳机 回事 华为 走 寻常路 直接 首页 说明 消费者 直接 看 明白 耳机 单独 购买 打着 国家 品牌 玩 文字游戏 垃圾 玩意 
一星评价给京东的后悔买了这款手机原来用荣耀一直挺好的速度也不慢性价比高现在完全不一样了从旧的华为换了这个很卡经常无故连不上网定位不准投屏要试个十次八次才能连上这个价位别的品牌能买到比这快的多的宁可放弃点内存容量也不要选这款了真的后悔至极以后还是老老实实买华为吧,1,一星 评价 京东 后悔 买 这款 手机 荣耀 挺 速度 慢性 价比高 现在 旧 华为 换 很卡 经常 无故 上网 定位 不准 投屏 试个 十次 八次 才能 价位 品牌 买 放弃 点 内存容量 选 这款 真的 后悔 至极 老老实实 买 华为 
用了一段时间信号不好通话中出现了自动挂断的情况对方听不到自己的说话挂掉重新拨打才行拍照效果不好感觉模糊其他还没发现什么问题不打游戏电池还行,1,一段时间 信号 不好 通话 中 自动 挂断 情况 听 不到 说话 挂掉 重新 拨打 才行 拍照 效果 不好 感觉 模糊 还 没 发现 问题 打游戏 电池 还 行 
用了几天无法导航关机重启之后会恢复几天之后又无法导航换了两个手机都一样的问题建议不要买这款机,1,几天 无法 导航 关机 重启 恢复 几天 无法 导航 换 两个 手机 都 问题 建议 买 这款机 
充不进电手机质量差刚到没多久就这个样体验极差跟客服沟通了两天客服总扯些有的没的过来总体为质量差服务差,1,充不进 电 手机 质量 差刚 没多久 样 体验 极差 客服 沟通 两天 客服 总扯些 没 过来 总体 质量 差 服务 差 
支付扫码不是很灵敏拍照不清晰摄像头好像有点问题指纹付款也是很慢自己用了几天的想法希望大家看看吧,1,支付 扫码 灵敏 拍照 清晰 摄像头 好像 有点 问题 指纹 付款 很慢 几天 想法 希望 看看 
该款手机为超级快充但是自购买手机后充电器使用了一个多星期就无法持续正常充电总是间接性断电电量无法增长,1,该款 手机 超级 快充 购买 手机 充电器 一个多 星期 无法 持续 正常 充电 间接性 断电 电量 无法 增长 
发热很厉害这个手机我之前买的那台不会这样,1,发热 厉害 手机 买 那台 
双十一直播间说点赞王可以送耳机没收到送耳机也没送到下单前名送耳机也没收到客户最后回复要截图给客服才有太多借口下次直接去实体店买,1,双十 直播间 说点 赞王 送 耳机 没收 送 耳机 没 送到 下单 前名 送 耳机 没收 客户 最后 回复 截图 客服 太 借口 下次 直接 实体店 买 
拍照效果不是很清晰没有想象中好屏幕音效音质很多杂音不清晰感觉很嗓,1,拍照 效果 清晰 没有 想象 中好 屏幕 音效 音质 杂音 清晰 感觉 嗓 
离开华为的荣耀很垃圾,1,离开 华为 荣耀 垃圾 
放了移动卡一直没有银行客服服务太差一直不回复,1,放 移动 卡 没有 银行 客服 服务 太 差 回复 
刚买来就有杂音很怀疑是二手货,1,买来 杂音 怀疑 二手货 
这机子不怎么样太卡了,1,机子 不怎么样 太卡 
真的京东太垃圾了说送自拍杆而且要好评才可以抽啊还有这样的活动了啊你很失望一直买京东的电器要么你就别搞活动还想让我好评了,1,真的 京东 太 垃圾 说 送 拍杆 好评 抽 活动 失望 买 京东 电器 别搞 活动 还 想 好评 
手机没什么问题说好的送张卡天了还没见到东西找了次刚开始说一个星期后面又说没有没诚信的商家,1,手机 没什么 问题 说好 送 张卡天 还 没 见到 东西 找 次 说 星期 说 没有 没 诚信 商家 
像素太模糊了一点不清楚,1,像素 太 模糊 一点 清楚 
手机定位非常差导航根本无法使用,1,手机 定位 非常 差 导航 根本无法 
垃圾手机超级不好用差评,1,垃圾 手机 超级 不好 差评 
网络特别卡不知道什么原因,1,网络 特别 卡 知道 原因 
不好用特别卡后悔死了,1,不好 特别 卡 后悔 死 
运行速度下载东西太慢了下载游戏信号没问题情况下要二十多分钟,1,运行 速度 下载 东西 太慢 下载 游戏 信号 没 问题 情况 下要 二十多分钟 
玩王者老是掉,1,玩 王者 老是 掉 
想不通为啥就没有耳机买了这么多年的手机了第一次碰到新手机不配耳机的大家注意,1,想不通 为啥 没有 耳机 买 多年 手机 第一次 碰到 新手机 不配 耳机 注意 
拍照效果模糊像旧照片屏幕音效画面仿佛有液晶流动感退货周期长,1,拍照 效果 模糊 旧 照片 屏幕 音效 画面 仿佛 液晶 流动 感 退货 周期长 
没有用得爽,1,没有 用得爽 
现在耳机不是标配了么是不是从小米开了那个头之后都准备把耳机充电器给取消了,1,现在 耳机 标配 是不是 米开 头 都 耳机 充电器 取消 
拍照效果特别垃圾像素很差拍照忽明忽暗客服多次为解决不予处理不会再购买不让退换垃圾,1,拍照 效果 特别 垃圾 像素 很差 拍照 忽明忽暗 客服 解决 不予 购买 不让 退换 垃圾 
那阵子我们的感情出了一些问题可是我也不太清楚问题出在哪里,1,那阵子 感情 问题 太 清楚 问题 
拍照效果没有全景拍摄现在几百元的手机都有这功能介绍上写有这功能,1,拍照 效果 没有 全景 拍摄 现在 几百元 手机 都 功能 介绍 写 功能 
用了几天通话信号差手机信号差关键还老是充不进去电,1,几天 通话 信号 差 手机信号 差 关键 还 老 充 进去 电 
反应慢按电源键大概有三四秒才亮屏然后按电源键锁屏出现蓝屏,1,慢 电源 键 三四秒 亮 屏 电源 键锁屏 蓝屏 
性能不高屏幕使用起来有点卡顿应该是手机配置问题感觉性价比不高,1,性能 不高 屏幕 起来 有点 卡顿 手机 配置 问题 感觉 性价比 不高 
快递挺快包装很好快递员把东西放门外边也没告诉一声快递显示已经签收咋不告诉一声东西丢了咋弄太没有责任心,1,快递 挺快 包装 快递 员 东西 放 门外 没 告诉 一声 快递 显示 签收 告诉 一声 东西 丢 弄 太 没有 责任心 
快递员根本没有联系就把东西随意丢到快递柜之前收到的一部手机外观破烂怀疑是二手的这部根本不敢去取不敢信任京东了,1,快递 员 根本 没有 联系 东西 随意 丢 快递 柜 收到 一部 手机 外观 破烂 怀疑 二手 这部 根本 去取 信任 京东 
屏幕音效屏幕残影很严重严重怀疑电池是坏的充电快掉电更快,1,屏幕 音效 屏幕 残影 怀疑 电池 坏 充电 掉电 
使用过程中软件或者浏览器很多次卡住卡住动不了真的怀疑是二手手机希望商家能跟我联系具体怎么处理,1,过程 中 软件 浏览器 卡住 卡住 动 真的 怀疑 二手手机 希望 商家 联系 
质量是真不行通话断断续续时好时坏不晓得是质量问题还是机器便宜的原因,1,质量 真 不行 通话 断断续续 时好时坏 晓得 质量 问题 机器 便宜 原因 
真是一分价钱一分货打和平精英有卡顿而且画面有抖动其他的用着还行,1,真是 一分 价钱 一分货 和平 精英 有卡顿 画面 抖动 还行 
啥子都好唯一不安逸活动耳机十三号才有我十二号晚上十点过买都不送,1,啥子 都 唯一 安逸 活动 耳机 十三号 十二号 晚上 十点 买 都 送 
用了一段时间了打字真的难受一天会出现十几次点的这里出来那里的情况,1,一段时间 打字 真的 难受 十几次 点 情况 
这是新机器么还有那么多磨损外包装看没有可是里边像旧的啊,1,新 机器 磨损 外包装 看 没有 里边 旧 
还不如手机打电话时信号有问题通话很差信号时断时续的给客服反应不给解决,1,还 手机 打电话 时 信号 问题 通话 很差 信号 时断时续 客服 解决 
开机有密码手机搞了半天格式化急用没办法就这样用了,1,开机 密码 手机 搞了半天 格式化 急用 没 办法 
玩游戏经常容易掉线同一个网络我特意换了一个手机没有出现掉线情况,1,玩游戏 经常 掉线 同一个 网络 特意 换 手机 没有 掉线 情况 
用了没一个星期就开始卡了可能好评都是刷出来的建议不要买,1,没 星期 卡 好评 都 刷 建议 买 
反应慢左上角触屏失灵根本不值这个价年前的产品都比这个强,1,慢 左上角 触屏 失灵 根本 不值 价 年前 产品 都 强 
运行速度真不咋滴给老人用差不多要是玩点小游戏还是不建议,1,运行 速度 真 滴 老人 玩点 小游戏 建议 
外观没有包装膜外观非常脏都是划痕不知道是不是旧的手机盒子装的手机,1,外观 没有 包装 膜 外观 非常 脏 都 划痕 知道 是不是 旧 手机 盒子 装 手机 
手机无法连接,1,手机 无法 连接 
不知道那么高的销量哪里来的同样的下载速度慢一倍以上触屏也不是很灵敏不要买买的后悔,1,知道 高 销量 下载速度 慢 一倍 触屏 灵敏 买买 后悔 
第一次在京东上买手机就出这事一分钱没少给给了个有擦伤的手机荣耀客服无鸟用给不了任何赔偿给别人买的因为急用只能自己吃这亏了,1,第一次 京东 买手机 这事 一分钱 没少 擦伤 手机 荣耀 客服 无鸟用 赔偿 买 急用 只能 吃 亏了 
屏幕分辨率极低谨慎购买,1,屏幕 分辨率 极低 谨慎 购买 
手机卡包装箱太差劲了上当受骗了这次,1,手机卡 包装箱 太 差劲 上当受骗 这次 
手机信号弱手机声音太垃圾了,1,手机信号 弱 手机 声音 太 垃圾 
包装破损严重手机不知道有没有被做手脚,1,包装 破损 手机 知道 有没有 做手脚 
卡得很导航卡着都不动,1,卡得 导航 卡着 都 不动 
差评差评差评手机不怎么好用卡顿又不流畅,1,差评 差评 差评 手机 好用 卡顿 流畅 
严重差评刚买过了天就降价格,1,差评 买 天 降 价格 
破手机买完就降价还不给补差价差评,1,破 手机 买 完 降价 还 补差 价差 评 
就只有发货速度快点其他的都很差手机拿回来开机然后下载了两个软件就发烫问客服问题的时候客服爱理不理的,1,发货 速度 快点 都 差 手机 回来 开机 下载 两个 软件 发烫 问 客服 问题 客服 爱理不理 
京东第一个差评给你因为选的套餐是手机壳贴膜的套餐发来的手机里面不带原装手机壳很明显是发货前拆机取出原手机壳,1,京东 第一个 差评 选 套餐 手机 壳 贴膜 套餐 发来 手机 里面 不带 原装 手机 壳 明显 发货 前 拆机 取出 原 手机 壳 
手机运营特别慢估计是水货中招了劝大家要小心,1,手机 运营 特别 慢 估计 水货 中招 劝 小心 
拍照效果太差了真的老人机买错了,1,拍照 效果 太差 真的 老人 机买错 
差评连不到宽带不要买慢,1,差评 不到 宽带 买慢 
手机真很一般触摸不灵,1,手机 真 触摸 不灵 
还没收到货就给我说送达了绝对差评,1,还 没收 到货 说 送达 绝对 差评 
刚满月就开不了机了真是无语了,1,满月 开 机了 真是 无语 
信号特别错不知道是不是二手货,1,信号 特别 错 知道 是不是 二手货 
一直都在想没用过荣耀手机买一个用用支持下国产好家伙手机买了不到天各种送赠品活动就出来了先是白条免息送耳机指环扣现在又送充电宝我早买的反而什么都没得到品牌和品牌之间竞争也不能委屈了我吧我是消费者啊钱让你们赚了翻脸就不认人了这个差评给荣耀对待消费者的态度,1,都 想 没用过 荣耀 手机 买 支持 国产 好家伙 手机 买 不到 天 送 赠品 活动 先是 白条 免息 送 耳机 指环 扣 现在 送 充电 宝 早 买 都 没 品牌 品牌 之间 竞争 委屈 消费者 钱 赚 翻脸 认人 差评 荣耀 消费者 态度 
网购以来最差的一次购物体验收到手机后迟迟不更新物流信息导致我无法开发票京东客服互相推委迟迟不给我解决问题对京东客服差评,1,网购 最差 购物 体验 收到 手机 迟迟 更新 物流 信息 导致 无法 开发票 京东 客服 推委 迟迟 解决问题 京东 客服 差评 
差劲的很导航卡的厉害,1,差劲 导航 卡 厉害 
手机有质量问题音量小开免提杂音多开免提像个烂手机一样电子厂品还是实体店,1,手机 质量 问题 音量 小开 免提 杂音 多开 免提 烂 手机 电子厂 品 实体店 
一直以为京东的物流不错这次真的失望了送的慢不说放在那几天不送货还是我自己跑十几公里去拿留的快递点联系电话也打不通物流差评东西咋说呢价格双十一的时候比这便宜两百贵了二百块钱,1,京东 物流 不错 这次 真的 失望 送 慢 说 放在 几天 送货 跑 十几公里 留 快递 点 联系电话 不通 物流 差评 东西 说 价格 双十 便宜 两百 贵 二百块 钱 
物流很慢客服忽悠人说好的给京豆又反悔了真不知道谁说的是真的,1,物流 慢 客服 忽悠 说好 京豆 反悔 真不知道 说 真的 
什么垃圾手机遇到问题找客服出来问题等了一天多了竟然没有回复电话,1,垃圾 手机 遇到 问题 找 客服 问题 竟然 没有 回复 电话 
买过就降价就差一天都不跟耳机这样版本的手机都没耳机吗我实体店买的耳机都有,1,买过 降价 差 都 耳机 版本 手机 都 没 耳机 实体店 买 耳机 都 
快递还是一如既往的快手机是真的差新手机反应总是慢半拍的感觉还不去老人机反应快,1,快递 一如既往 手机 真的 差 新手机 慢半拍 感觉 还 老人 机 
待机时间太短了完全不能正常一天使用申请了退货京东站点居然说我少了什么服务手册不给退非常不好的一次购物体验,1,待机时间 太短 正常 申请 退货 京东 站点 说 少 服务 手册 退 非常 不好 购物 体验 
买给家的老人的现在电话说黑屏了开不了机这个怎么处理呀,1,买 家 老人 现在 电话 说 黑屏 开 机 
买了三天就降价价格保护不了会员都是扯淡我用劵是花了钱的混为一谈差评差评差评,1,买 三天 降价 价格 保护 会员 都 扯淡 我用 劵 花 钱 混为一谈 差评 差评 差评 
手机充电需要小时而且在不使用的情况下充电手机和充电器都发热联系客服咨询问题不但没解决还东扯西拉不解决主要问题,1,手机 充电 需要 小时 情况 充电 手机 充电器 都 发热 联系 客服 咨询 问题 没 解决 还 东扯西拉 解决 问题 
京东真垃圾写着送耳机最后没送还让我拿证据刘老板在米国的事有证据赔钱,1,京东 真 垃圾 写 送 耳机 最后 没 送还 让我拿 证据 刘老板 米国 事 证据 赔钱 
差评太容易发热了充电都发热待机时间也不是按标准的吧,1,差评 太 发热 充电 都 发热 待机时间 标准 
运行速度卡的要死网络信号联接网,1,运行 速度 卡 要死 网络 信号 联接 网 
碰到不良了用时有时候屏幕里面会一直闪,1,碰到 不良 时 有时候 屏幕 里面 闪 
老是觉得闪屏白色的时候明显,1,老是 觉得 闪屏 白色 明显 
新买的手机折箱竟然开不了机黑屏啊,1,新买 手机 折箱 竟然 开 机 黑屏 
后置摄像头不行都看不清,1,后置 摄像头 不行 都 看不清 
质量还是有问题要买手机还是去实体店买吧,1,质量 问题 买手机 实体店 买 
通话质量差买了五天手机死机两次,1,通话质量 差买 五天 手机 死机 两次 
手机还好但是直播间说价保现在就降价一百找客服也没回复就这吧大家看着买啊怎么没有不给星的等级,1,手机 还好 直播间 说 价保 现在 降价 一百 找 客服 没 回复 看着 买 没有 星 等级 
耗电很快新手机还卡顿,1,耗电 很快 新手机 还卡顿 
数据线用了不到一个月就不能快充了还老断电,1,数据线 不到 一个月 快充 还 老 断电 
第一天买不送耳机第二天就开始送耳机前后就相差一个小时,1,第一天 买 送 耳机 第二天 送 耳机 相差 小时 
连网经常连不上还会卡顿闪退,1,连网 经常 连不上 还会 卡顿 闪退 
拍照效果色素比较差看上去好像重叠那样,1,拍照 效果 色素 比较 差 看上去 好像 重叠 
这就是色差差别太大惊呆我了,1,色差 差别 太 惊呆 
下单即送耳机不送干嘛要放这几字在页面当不识字啊,1,下单 送 耳机 不送 干嘛 要放 几字 页面 识字 
刚买不到一个月屏幕自动裂开,1,买不到 一个月 屏幕 自动 裂开 
运行速度总失机现在开不了了,1,运行 速度 总失机 现在 开 
手机不错京东配送也不错差评是买的时候活动送耳机结果收到说没有此活动难道以后买东西要先截屏吗,1,手机 不错 京东 配送 不错 差评 买 活动 送 耳机 收到 说 没有 活动 难道 买 东西 先 截屏 
买手机不打招呼送了张卡强行二次营销,1,买手机 打招呼 送 张卡 强行 二次 营销 
屏下指纹不好用解锁几才开得了,1,屏下 指纹 不好 解锁 几才 开得 
这是换了的手机屏幕还是闪烁什么东西,1,换 手机 屏幕 闪烁 东西 
外包装破损拍照屏幕闪烁严重已申请退换货,1,外包装 破损 拍照 屏幕 闪烁 申请 退换货 
不好才买就卡充电发热,1,不好 买 卡 充电 发热 
看着挺好的怎么那么轻呢感觉上当了,1,看着 挺 轻 感觉 上当 
说送耳机没有送去消费者协会投诉惹手机容易发热其他的还行,1,说 送 耳机 没有 送 消费者 协会 投诉 惹 手机 发热 还行 
就这保护膜的质量真不咋的,1,保护膜 质量 真 
买了不到一月就发售后维修,1,买 不到 一月 发售 维修 
一口气买了两台今天收到货发现有耳机赠品昨天下单就没有顿时不香了,1,一口气 买 两台 收到 货 发现 耳机 赠品 昨天 下单 没有 顿时 不香 
我想说你京东自营什么了懒得退别人拆封过的发部退货机过来呵呵,1,想 说 京东 自营 懒得 退 拆封 发部 退货 机 过来 
都不是知道什么钢化膜五楼掉下来没有最多手机暴费,1,都 知道 钢化 膜 五楼 掉下来 没有 最 手机 暴费 
都很好一星是因为隔天就开始送耳机客服全程抱歉,1,都 一星 是因为 隔天 送 耳机 客服 全程 抱歉 
降了又不保价又不提醒,1,降 保价 提醒 
买给别人的说卡想退可是拆了不能退就没退希望华为加油,1,买 说 卡想 退 拆 退 没退 希望 华为 加油 
没有用到一个月手机屏幕就不亮了,1,没有 用到 一个月 手机 屏幕 不亮 
指纹和人脸识别是摆设,1,指纹 人脸识别 摆设 
刚评价就便宜了块有这样的吗,1,评价 便宜 块 
用了一个月就出问题了只给休还要休到十天,1,一个月 问题 休 还要 休 十天 
刚买没多久就便宜了还不能给保价服了天猫都能保价,1,刚买 没多久 便宜 还 保价 服了 天猫 都 保价 
无限重启京东售后不负责,1,无限 重启 京东 售后 负责 
这个胶咱不知道是什么情况,1,胶 知道 情况 
货收到半天都是机器人手机膜也没贴差差差,1,货 收到 半天 都 机器人 手机 膜 没 贴 差 差差 
说好的保价也没有,1,说好 保价 没有 
简配耳机都没有差差差,1,简配 耳机 都 没有 差差 差 
速度还可以屏幕不好有水波纹看着头晕,1,速度 还 屏幕 不好 水波纹 看着 头晕 
才用几天充电就开始发烫了,1,几天 充电 发烫 
外形外观没有配耳机开个耳机孔干嘛的,1,外形 外观 没有 配 耳机 开个 耳机 孔 干嘛 
下单前问了评价送耳机买后就说没有了不守信用下次不会再来了,1,下单 前问 评价 送 耳机 买后 说 没有 不守信用 下次 再来 
昨天买的今天就降价没办法给好评,1,昨天 买 降价 没 办法 好评 
买了一周后出现指纹解锁死机等情况,1,买 一周 指纹 解锁 死机 情况 
通话信号不好视频镜头模糊,1,通话 信号 不好 视频 镜头 模糊 
刚买不到两个月就坏了晕,1,买不到 两个 月 坏 晕 
里面就一部手机钢化膜耳机都没有,1,里面 一部 手机 钢化 膜 耳机 都 没有 
新机就有毛病屏幕中间有条竖线以申请换货,1,新机 毛病 屏幕 有条 竖线 申请 换货 
手机买了第二天就死机无响应,1,手机 买 第二天 死机 无 响应 
机子动过手机上的头层膜都没有了也开封了,1,机子 动过 手机 头层 膜 都 没有 开封 
不满意的就是没有送耳塞前一天买没送第二天就可以送,1,满意 没有 送 耳塞 前一天 买 没 送 第二天 送 
说好的第二天道结果没到说因为赠品没货也没有人联系,1,说好 第二天 道 没到 说 赠品 没货 没有 联系 
指纹解锁有问题录入了完全解不了,1,指纹 解锁 问题 录入 解 
刚买完两周就降了块,1,刚买 完 两周 降 块 
手机不是原包装京东二次包装之前拆过这点京东不讲究,1,手机 原 包装 京东 二次 包装 拆过 这点 京东 讲究 
刚一个月就坏了非人为原因过了三包天包换期就只修不换了,1,一个月 坏 非人 原因 三包 天 包换 期 修不换 
不太好玩游戏会断流有点难受,1,不太好 玩游戏 断流 有点 难受 
手机有点发烫没玩游戏也发烫,1,手机 有点 发烫 没 玩游戏 发烫 
差拍照非常差买错了不值得,1,差 拍照 非常 差买错 值得 
快递垃圾不通知随便放,1,快递 垃圾 通知 随便 放 
手机像素太垃圾手机也太一般了,1,手机 像素 太 垃圾 手机 太 
买手机没有原配耳机差评,1,买手机 没有 原配 耳机 差评 
京东物流现在也太差劲了,1,京东 物流 现在 太 差劲 
太黑了不退我差价商家,1,太黑 退 差价 商家 
看着月号到月号保价才提前下订单的结果今天一看又便宜了一百公司,1,看着 月 号 月 号 保价 提前 订单 一看 便宜 一百 公司 
说保价双十一才拍的事实是欺诈消费者它不直接降价双十一让你用优惠券你申请保价系统显示不在保价范围钻法律的空子欺诈消费者,1,说 保价 双十 一才 拍 事实 欺诈 消费者 直接 降价 双十 一让 优惠券 申请 保价 系统 显示 保价 范围 钻 法律 空子 欺诈 消费者 
这手机太烂了强烈建议不要买刚用两天就死机,1,手机 太烂 强烈建议 买 刚用 两天 死机 
快递太差说的送货上门呢,1,快递 太差 说 送货上门 
这机很卡不是一般的卡比手机都卡真的,1,这机 卡 卡比 手机 都 卡 真的 
刚拍完就降价了太不靠谱了,1,拍 完 降价 太 不靠 谱 
第一次遇见买手机不给带耳机的买之前还有好评赠蓝牙耳机的活动最后有线耳机还要自己买,1,第一次 遇见 买手机 耳机 买 好评 赠 蓝牙 耳机 活动 最后 有线 耳机 还要 买 
客服服务太差劲问它都不理,1,客服 服务 太 差劲 问 都 不理 
京东快递太次不给送货上门,1,京东 快递 太次 送货上门 
垃圾手机买回来天死机次,1,垃圾 手机 买回来 天 死机 次 
本来没发现手机屏幕有条纹直到我打开了王者荣耀打游戏的时候我以为是手机粘到了什么有一条彩色的划痕那样子的东西平常不注意看还没怎么发现但是只要不是白色背景就很明显截图和拍照看不出来我形容一下吧就是家里的电视突然没信号出现的那种条纹不影响功能使用但是影响美观看着就很烦我都在想是不是在实体店卖不出去的次品放网上卖或者二次销售,1,本来 没 发现 手机 屏幕 有条纹 直到 打开 王者 荣耀 打游戏 手机 粘到 一条 彩色 划痕 样子 东西 平常 注意 看 还 没 发现 白色 背景 明显 截图 拍照 看不出来 形容 家里 电视 突然 没 信号 那种 条纹 影响 功能 影响 美观 看着 很烦 都 想 是不是 实体店 卖不出去 次品 放 网上 卖 二次 销售 
京东到货很快但是这次体验感不是很好新买的手机手机后面有大大小小不一的划痕不知道什么原因虽然用时影响不大但是总归是新买的手机感觉不太好不太舒服咨询客服客服说是物流工程导致的这也许吧但有些牵强第一次买荣耀手机嗯可能也是最后一次了希望多多改进无论是物流还是图片拍得不清楚很多很细供大家参考,1,京东 到货 很快 这次 体验 感 新 买 手机 手机 大大小小 划痕 知道 原因 用时 影响 总归 新 买 手机 感觉 不太好 不太 舒服 咨询 客服 客服 说 物流 工程 导致 也许 牵强 第一次 买 荣耀 手机 最后 希望 改进 无论是 物流 图片 拍得 清楚 很细供 参考 
手机各方面性能都不错就是玩王者吃鸡之类的游戏会非常卡调到最低也会经常卡屏幕毕竟价格在这里了真实意见如果不玩游戏的话可以购买,1,手机 方面 性能 都 不错 玩 王者 吃 鸡 游戏 非常 卡调 最低 经常 卡 屏幕 毕竟 价格 真实 意见 玩游戏 购买 
电量用的比我用了三年的手机用的还快手机还出现了卡顿如果不是我着急用绝对退货外形外观颜色没有图片好看运行速度比较慢就像旧手机似的待机时间短,1,电量 三年 手机 还 手机 还 卡顿 着急 绝对 退货 外形 外观 颜色 没有 图片 好看 运行 速度 比较慢 旧 手机 待机时间 短 
手机没用一个月主板就出现了质量问题不读卡真的是一次糟糕的购物体验售后服务态度还不错就是手机质量不咋地,1,手机 没用 一个月 主板 质量 问题 读卡 真的 糟糕 购物 体验 售后服务 态度 还 不错 手机 质量 
附带的软件太多了抖音快手今日头条等等很多软件开机就已经安装到手机了卸载很长时间才清理干净,1,附带 软件 太多 抖音 快手 今日 头条 软件 开机 安装 手机 卸载 长时间 清理 干净 
手机经常卡死机而且半天按不动才买一个月不到用了不到一个星期就不行卡跟实体店的质量差远了,1,手机 经常 卡 死机 半天 按不动 买 一个月 不到 不到 星期 不行 卡 实体店 质量 差远了 
屏幕用到第天出现条纹质量差过了退货时间拿回去鉴定还要天才能出结果网上购物全凭运气,1,屏幕 用到 第天 条纹 质量 差过 退货 时间 拿回去 鉴定 还要 天 才能 网上 购物 全 运气 
反正没用到一个月就出了问题开机一分钟开机好了程序还点不开虽然说客服积极的回答了问题可以修但还是觉得不舒服,1,反正 没用到 一个月 问题 开机 一分钟 开机 程序 还点 不开 说 客服 积极 回答 问题 修 觉得 舒服 
质量太差收货才一个半月后摄像头破裂找客服又解决不了问题这样的销售质量值的后思,1,质量 太 差 收货 一个半月 摄像头 破裂 找 客服 解决不了 问题 销售 质量 值 后思 
两年前的问题为什么现在新出的手机还存在打电话对方听不到我声音那买这个手机还有什么用,1,两年 前 问题 现在 新出 手机 还 打电话 听 不到 声音 那买 手机 
就玩十分钟发热太严重,1,玩 十分钟 发热 太 
以后不会在买华为了新买的手机耳机插入没反应不能申请退货退款太坑了给妹妹买的妹妹学校封闭了想换货都没办法换也不让退,1,买 华为 新 买 手机 耳机 插入 没 申请 退货 退款 太坑 妹妹 买 妹妹 学校 封闭 想 换货 都 没 办法 换 不让 退 
屏幕显示效果非常糟糕肉眼可见色偏显示效果堪比百元机,1,屏幕显示 效果 非常 糟糕 肉眼 色偏 显示 效果 堪比 百元 机 
东西丢件了现在要我来评价太搞笑了,1,东西 丢件 现在 评价 太 搞笑 
打游戏陀螺仪有延迟没有录屏系统茶瓶,1,打游戏 陀螺仪 延迟 没有 录屏 系统 茶瓶 
神马东西连个耳机都没有,1,神马 东西连 耳机 都 没有 
刚买了就降价还不能申请价保,1,刚买 降价 还 申请 价保 
用不久就有问题了充电接触不良售后服务差,1,问题 充电 接触不良 售后服务 差 
为什么新手机没有外面的膜,1,新手机 没有 外面 膜 
耳机都没有了还放页面赠品链接体验不好,1,耳机 都 没有 还 放 页面 赠品 链接 体验 不好 
在活动时间内买的没有享受活动内容套路,1,活动 时间 内买 没有 享受 活动 内容 套路 
手机坏了居然没有从卡导入联系人功能,1,手机 坏 没有 从卡 导入 联系人 功能 
好好的一个手机你要送耳机你就送不送你就不送为同样的价格一会儿送一会儿不送要不是卖了其它东西不让就给你退回去了,1,好好 手机 送 耳机 送 送 送 价格 一会儿 送 一会儿 不送 卖 东西 不让 退回去 
给丈母娘买的手机还没就分手了真是了狗了,1,丈母娘 买 手机 还 没 分手 真是 狗 
真不怎么样这手机挺差的,1,真 不怎么样 手机 挺差 
帮朋友买的朋友不喜欢耗电快手机容易发热,1,帮 朋友 买 朋友 喜欢 耗电 手机 发热 
用了一天就轻轻摔了一次屏幕就裂了,1,轻轻 摔 屏幕 就裂 
收到的手机是别人退货机连屏幕膜都没了,1,收到 手机 退货 机连 屏幕 膜 都 没 
屏幕有时会抖动不知道是什么原因,1,屏幕 有时 抖动 知道 原因 
质量太成问题用了没一个月串屏串的厉害手都不用动自己就跳了太次了垃圾,1,质量 太 成问题 没 一个月 串屏 串 厉害 手 都 不用 动 跳 太次 垃圾 
连个耳机都没有手机很一般用起来也很一般,1,耳机 都 没有 手机 起来 
买了没多久就降价这样的购物体验简直了买的时候说保价现在结果不到就降价了这降的也太快了吧,1,买 没多久 降价 购物 体验 简直 买 说 保价 现在 不到 降价 这降 太快 
外包装太脏了物流晚到了一天,1,外包装 太脏 物流 晚到 
外形外观还行屏幕音效声音特别小打游戏不戴耳机根本听不到声音声音开到最大都不行反正就是声音特小拍照效果模糊运行速度还行,1,外形 外观 还 行 屏幕 音效 声音 特别 打游戏 不戴 耳机 根本 听 不到 声音 声音 开 最大 都 不行 反正 声音 特小 拍照 效果 模糊 运行 速度 还 行 
给你们看看这个手机有多夸张本来还想忍忍但是一定要有人真实反馈我在荣耀买了好几个手机都挺好的至少用了一年半载都挺好这个手机就让人无奈而且意外了用了两天就成这样了本来觉得手机速度挺快还窃喜找到宝贝了结果才用了两天指纹锁莫名消失莫名卡死重启开不了机开了机进不去好了十分钟莫名又死机还在上班跟客户谈事的我简直崩溃得流眼泪希望荣耀能改进支持国货的心态一如既往,1,看看 手机 夸张 本来 还 想 忍忍 有人 真实 反馈 荣耀 买 好几个 手机 都 挺 至少 一年半载 都 挺 手机 就让 无奈 意外 两天 成 本来 觉得 手机 速度 挺快 还 窃喜 找到 宝贝 两天 指纹锁 莫名 消失 莫名 卡死 重启 开 机开 机 进不去 十分钟 莫名 死机 还 上班 客户 谈事 简直 崩溃 流眼泪 希望 荣耀 改进 支持 国货 心态 一如既往 
发信息都不回我要荣耀的给我发个的过来太差了,1,发 信息 都 回 荣耀 给我发 过来 太差 
京东真坑在首页写着保价我买的双十一看到价格就降了块钱也不知道怎么保价再找客服说时间过了就不能申请保价了流氓协议下次长记性了介意的以后都双十一买吧肯定双十一便宜,1,京东 真坑 首页 写 保价 买 双十 看到 价格 降 块钱 知道 保价 找 客服 说 时间 申请 保价 流氓 协议 下次 长 记性 介意 都 双十 一买 肯定 双十 便宜 
本机有一个奇葩的缺陷就是共享热点以后如果连热点的一方离开分钟热点就自动关闭对方来了也连不到热点又要重新开启热点且没有开关选择强制关闭对于那些一个手机共享热点供别人用的千万不要买还有原装手机保护膜粘指纹严重我用天就丢了换了闪魔防指纹钢化膜快递还不错,1,本机 奇葩 缺陷 共享 热点 热点 一方 离开 分钟 热点 自动 关闭 不到 热点 重新 开启 热点 没有 开关 选择 强制 关闭 手机 共享 热点 供 买 原装 手机 保护膜 粘 指纹 我用 天 丢 换 闪 魔防 指纹 钢化 膜 快递 还 不错 
我发了好多条短信都没有正确回复客服太差,1,我发 多条 短信 都 没有 正确 回复 客服 太 差 
我买的手机和卡手机收到我的卡呢差评,1,买 手机 卡 手机 收到 卡 差评 
手机质量太差一个月电池就坏了,1,手机 质量 太 差 一个月 电池 坏 
必须差评从什么时候开始买手机要自己花钱配耳机了商人我要提前知道肯定不买,1,差评 买手机 花钱 配 耳机 商人 我要 提前 知道 肯定 不买 
手机跟图片上差远了比我之前买的小,1,手机 图片 差远了 买 
买完第二天就降价没节操,1,买 完 第二天 降价 没 节操 
就一天时间便宜了元我买贵了问客服都是机器人回答不开心,1,时间 便宜 元 买 贵 问 客服 都 机器人 回答 开心 
网络差第一台有瑕疵现在第二天还是卡屏和断网烦死了,1,网络 差 第一台 瑕疵 现在 第二天 卡屏 断网 烦死 
太差了卡的摁啥都得反应一秒用着闹心还不给退,1,太差 卡 摁 都 一秒 闹心 还 退 
打开就卡机居然滑动都会卡服气了以后不在京东买了真的无语了,1,打开 卡机 滑动 都 卡 服气 京东 买 真的 无语 
华为手机太垃圾了随便摔一下屏幕就破碎连续买了两部华为手机都是不到一个月屏幕就破碎,1,华为 手机 太 垃圾 随便 摔 屏幕 破碎 连续 买 两部 华为 手机 都 不到 一个月 屏幕 破碎 
没有息屏显示没有呼吸灯直接退款吧机子做得太丑了真的服了荣耀的设计师,1,没有 息屏 显示 没有 呼吸 灯 直接 退款 机子 做 太丑 真的 服 荣耀 设计师 
口口声声说原装结果里面带的是安卓充电线手机都有可能是二手的朋友们擦亮眼睛吧真心累,1,口口声声 说 原装 里面 安卓 充电 线 手机 都 二手 朋友 擦亮眼睛 真心 累 
垃圾手机老是黑屏给客服反馈也不理大家不要买真的很差劲,1,垃圾 手机 老是 黑屏 客服 反馈 不理 买 真的 差劲 
不是原装包装感觉像华强北组装机一样找客服客服也不理差评,1,原装 包装 感觉 华强北 组装机 找 客服 客服 不理 差评 
照片颜色失真拍人拍得好黑,1,照片 颜色 失真 拍人 拍 黑 
外观都是黑手印而且连个塑料薄膜都没有太垃圾了,1,外观 都 黑 手印 塑料薄膜 都 没有 太 垃圾 
最差的一次购物体验下单时没注意就裸机一台连个耳机都没送同时过了几天又下单购买同款手机就有送耳机不能理解这是什么手断销售产品并且客服不给处理退货还退不了真是坑消费者差评差评差评失望至极希望购买的用户慎重考虑,1,最差 购物 体验 下单 时 没 注意 裸机 一台 耳机 都 没 送 几天 下单 购买 同款 手机 送 耳机 理解 这是 手断 销售 产品 客服 退货 还 退 真是 坑 消费者 差评 差评 差评 失望 至极 希望 购买 用户 慎重考虑 
送的电信卡还得交费操作麻烦网络太差不建议买客服爱搭不理,1,送 电信卡 还 交费 操作 麻烦 网络 太差 建议 买 客服 爱 搭 不理 
以后不敢来这个店下单了收了货因为我爸的旧手机又搞好了手机都没激活退货说背面有小划痕不给退我也是醉了都是拆过包装的机子别人搞的却让我买单第一次遇到这情况非常不满意还相信旗舰店简直打脸,1,店 下单 收 货 我爸 旧 手机 搞好 手机 都 没 激活 退货 说 背面 划痕 退 醉 都 拆过 包装 机子 搞 买单 第一次 遇到 情况 非常 满意 还 相信 旗舰店 简直 打脸 
拍的时候是当天送达在沈阳准备发车第二天点多才到配货点对沈阳到本溪这段物流非常不满意,1,拍 当天 送达 沈阳 发车 第二天 点多 配货点 沈阳 本溪 段 物流 非常 满意 
手机卡顿照相污黑手机死机黑屏商家处理太度差,1,手机卡 顿 照相 污 黑手机 死机 黑屏 商家 太度 差 
七天无理由退换货现在还没超过七天呢手机屏幕就坏了客服说没事换要是维修自己承担真是骗人啊,1,七天 无 理由 退换货 现在 还 没 超过 七天 手机 屏幕 坏 客服 说 没事 换 维修 承担 真是 骗人 
手机都还没用到一个月没有进水退回去维修说我自己掉水里了里面都发霉了打电话也没解决第一次买到这么差劲的手机,1,手机 都 还 没用到 一个月 没有 进水 退回去 维修 说 掉 水里 里面 都 发霉 打电话 没 解决 第一次 买 差劲 手机 
才用一个月不到手机出现死机自动关机太坑了,1,一个月 不到 手机 死机 自动关机 太坑 
差评虚假宣传页面上是超级快充结果发过来的只是快充的充电头,1,差评 虚假 宣传 页面 超级 快充 发过来 快充 充电 头 
劝商家换一个客服买完东西就不理人我前天买的今天就降价了可真是有意思发了一堆消息没人回,1,劝 商家 换 客服 买 完 东西 不理 前天 买 降价 真是 有意思 发了 一堆 消息 没人 回 
机子本身没啥不对但是还得给差评相差一天下单有优惠回头还送礼品昨天的啥啥没有喊补送还不行不爽不爽,1,机子 本身 没 还 差评 相差 下单 优惠 回头 还 送 礼品 昨天 没有 喊补 送还 不行 不爽 不爽 
第一次收货的是质量问题听筒声音很小有杂音买了才几天价格就降了,1,第一次 收货 质量 问题 听筒 声音 很小 杂音 买 几天 价格 降 
退货不来取件送货延误京东的订单和服务单条款京东不遵守客服在电话中经常我讲完客服没反应结束通话没服务评价直接挂断电话京东百般刁难都是我身边的投圈套为所欲为因为没人知道所以格外残忍,1,退货 不来 取件 送货 延误 京东 订单 服务 条款 京东 遵守 客服 电话 中 经常 讲完 客服 没 结束 通话 没 服务 评价 直接 挂断 电话 京东 百般刁难 都 身边 投 圈套 为所欲为 没 知道 格外 残忍 
严重差评差评手机太次了都说支持国货但是国货不给力你让我咋支持客服服务太费劲了竟整机器人服务啥呢总之一句话太次了,1,差评 差评 手机 太次 都 说 支持 国货 国货 不给力 支持 客服 服务 太 费劲 竟整 机器人 服务 一句 话 太次 
差评月号购买的到现在还没收到货没有人找我对接到底要怎么处理,1,差评 月 号 购买 现在 还 没收 到货 没有 找 对接 
冲着情怀买的这个手机但是买没到天就送耳机变相的降价让我很不舒服第一次买也是最后一次选择你告辞,1,冲着 情怀 买 手机 买 没到 天 送 耳机 变相 降价 舒服 第一次 买 最后 选择 告辞 
垃圾打电话断线上网经常没网络网页都打不开,1,垃圾 打电话 断线 上网 经常 没 网络 网页 都 打不开 
售后服务太差了一点都没有保障也没有价保当天晚上买的第二天就掉价申请价保没人理后来说等售后联系我都一个星期了也没有得到处理从来不差评的第一次给商家差评服务太差了客服更是差特别不专业,1,售后服务 太差 一点 都 没有 保障 没有 价保 当天 晚上 买 第二天 掉价 申请 价保 没 人理 说 售后 联系 都 星期 没有 从来不 差评 第一次 商家 差评 服务 太差 客服 更是 差 特别 专业 
电池用不了一天就没电了当天降价几天太了在京东买这么多年产品第一次遇到真无语,1,电池 没电 当天 降价 几天 太 京东 买 多年 产品 第一次 遇到 真无语 
质量太差还不换给以后别在他家买会生蛋的你的钱就丢在水里了他们京东要完蛋了,1,质量 太差 还 不换 他家 买会 生蛋 钱 丢 水里 京东 完蛋 
确实荣耀离开华为不是以前的荣耀了唉物是人非了要想走得更远注意一下品质价钱不是吸引人的手段品质好了贵点也无妨呀不要把自己做得啥也不是何苦呢荣耀祝你好运吧,1,确实 荣耀 离开 华为 荣耀 物是人非 想 走 远 注意 品质 价钱 吸引 手段 品质 贵点 无妨 做 荣耀 祝你好运 
手机充电器充电时温度太高都不敢充电情况下使用手机,1,手机 充电器 充电 时 温度 太高 都 充电 情况 手机 
垃圾客服不回信息垃圾手机反应迟钝,1,垃圾 客服 不回 信息 垃圾 手机 反应迟钝 
差评待机充电一个多小时没充满客户回答也很不满意,1,差评 待机 充电 一个多 小时 没 充满 客户 回答 满意 
感觉像二手手机客服永远是机器人白眼不会在京东买东西了,1,感觉 二手手机 客服 永远 机器人 白眼 京东 买 东西 
垃圾玩意谁买谁后悔越做越差这让我们国人怎么支持国货,1,垃圾 玩意 买 后悔 越做越 差 国人 支持 国货 
下单时有以旧换新付完款就就发短信要求发快递售后也是推来推去,1,下单 时有 以旧换新 付 完款 发短信 要求 发 快递 售后 推来推去 
买了这么多手机第一次见到需要给好评才能配耳机的购物体验极差想好评是想疯了么,1,买 手机 第一次 见到 需要 好评 才能 配 耳机 购物 体验 极差 想 好评 想 疯 
刚买的新手机但是充电线不能冲店问售后不理太差劲,1,刚买 新手机 充电 线 冲店 问 售后 不理 太 差劲 
卡只有信号开机很慢不好用,1,卡 信号 开机 慢 不好 
用网不方便太卡,1,用网 方便 太卡 
上网卡顿很严重总体情况便宜没好货,1,上网卡 顿 总体 情况 便宜 没好 货 
屏幕太模糊了不清晰不够我的荣耀清晰,1,屏幕 太 模糊 清晰 荣耀 清晰 
第一次在京东上购买手机原以为京东的东西应该不会错却给了我极差的体验从我收到商品发现有问题反映给客服有两天时间了一直没有任何人联系我劝大家谨慎购物,1,第一次 京东 购买 手机 原以为 京东 东西 不会错 极差 体验 收到 商品 发现 问题 客服 两天 时间 没有 任何人 联系 劝 谨慎 购物 
垃圾商品刚买完就降价而且还赠送原装耳机不允许申请价保,1,垃圾 商品 刚买 完 降价 还 赠送 原装 耳机 申请 价保 
非常差手机音质非常非常差一千多元丢水里了,1,非常 差 手机 音质 非常 非常 差 一千多元 丢水里 
差评没耳塞的隔了一天又说有送耳塞竟然没的补,1,差评 没 耳塞 隔 说 送 耳塞 竟然 没 补 
一个星都不想给连个耳机都没有差差差评,1,星 都 不想 连个 耳机 都 没有 差差 差评 
质量太差反应慢失望,1,质量 太 差 慢 失望 
屏幕模糊的太不值这价了,1,屏幕 模糊 太 不值 这价 
手机用天就黑屏不能开机质量超级差不要购买,1,手机 用天 黑屏 开机 质量 超级 差 购买 
等了四天才配送打了好几个投诉电话京东现在的物流和品质越来越差以后不会再在京东购物了,1,四天 配送 好几个 投诉 电话 京东 现在 物流 品质 越来越 差 京东 购物 
我真心无语了我根本就没有收到手机我这边就显示已签收订单已完成甚至是连物流信息和快递员都没有我想联系快递员都没法联系还有也没联系我这个收货人就签收了我就特别好奇是鬼签收的吗,1,真心 无语 根本 没有 收到 手机 显示 签收 订单 物流 信息 快递 员 都 没有 想 联系 快递 员 都 没法 联系 没 联系 收货人 签收 特别 好奇 鬼 签收 
明明说得是手机到手里是个太坑了发信息客服不回信息了,1,明明 说 手机 手里 太坑 发 信息 客服 不回 信息 
很失望从换上来的早知道买了最后一部荣耀手机,1,失望 换上来 早 知道 买 最后 一部 荣耀 手机 
服务太差那客服找个种理由推脱,1,服务 太差 客服 找个种 理由 推脱 
客服不理人手机没没有配送耳机手机卡的要命我准备退货了我真不理解以上的好评是怎么来的,1,客服 不理 手机 没 没有 配送 耳机 手机卡 要命 退货 真 理解 好评 
说真心话还不如电池不耐用有时候还一卡一卡的,1,说 真心话 还 电池 耐用 有时候 还 一卡 一卡 
差评手机开扬声器讲电话信号非常差用听筒就没事,1,差评 手机 开 扬声器 讲 电话 信号 非常 差用 听筒 没事 
手机有划痕这次购物非常失败,1,手机 划痕 这次 购物 非常 失败 
收到疑似摔过的二手在收到当天提换货客服答应的好听但就是没任何动作如今改成了退货一个工作周快过去了依旧没人理还真是请神容易送神难啊,1,收到 疑似 摔过 二手 收到 当天 提 换货 客服 答应 好听 没 动作 改成 退货 工作 周快 过去 依旧 没 人理 还 真是 请神 送神 难 
屏幕上面有划痕晚上送到第二天早上就看到屏幕上面有划痕非常明显至今还没有客服解决,1,屏幕 划痕 晚上 送到 第二天 早上 看到 屏幕 划痕 非常明显 至今 还 没有 客服 解决 
买回来用了一天不到屏幕就碎了真的是太垃圾了,1,买回来 不到 屏幕 碎 真的 太 垃圾 
买来一个月就坏了买过这么多荣耀手机这是最差一次购物,1,买来 一个月 坏 买 荣耀 手机 这是 最差 购物 
其他特色最基本的通话都经常不清楚非常差劲,1,特色 最 通话 都 经常 清楚 非常 差劲 
手机很卡问客服问题什么也不知道,1,手机 很卡问 客服 问题 知道 
服务态度差也可以现在是完全没有售后服务谨慎购买吧,1,服务态度 差 现在 没有 售后服务 谨慎 购买 
垃圾的很客服也不理人的买了上当,1,垃圾 客服 不理 买 上当 
刚买手机就很卡什么垃圾,1,买手机 卡 垃圾 
屏幕分辨率太低显示不清购买慎重,1,屏幕 分辨率 太低 显示 不清 购买 慎重 
太垃圾了收到个次品后盖都开了,1,太 垃圾 收到 次品 后盖 都 开 
这个差评是给某坑东的真的的太坑了气的我呀牙疼,1,差评 坑东 真的 太坑 气 牙疼 
从来没有这么差的购买体验下单前显示隔天到达下完单显示要调货调天我真是服了不是急着用我上京东干嘛你调货从几内亚调吗调七天网购这么多年第一次这么气以后鬼在京东再买东西,1,没有 差 购买 体验 下单 前 显示 隔天 到达 完单 显示 调货 调天 真是 服 急 京东 干嘛 调货 几内亚 调 调 七天 网购 多年 第一次 气 以后鬼 京东 买 东西 
运行速度卡死了网差的很手机太垃圾了,1,运行 速度 卡死 网差 手机 太 垃圾 
质量很差使用了一个月经常关机,1,质量 很差 一个月 经常 关机 
非常差评我都拒收了四天了都没有退款给我,1,非常 差评 都 拒收 四天 都 没有 退款 
太差劲了送货速度和快递员好评商品太差劲了,1,太 差劲 送货 速度 快递 员 好评 商品 太 差劲 
外形外观退货机吧买了无数次手机第一次碰到连塑封膜都没有的绝对二手机,1,外形 外观 退货 机吧 买 无数次 手机 第一次 碰到 塑封 膜 都 没有 绝对 手机 
商品质量问题客服人员推卸责任失望透顶,1,商品质量 问题 客服 人员 推卸责任 失望透顶 
屏幕分辨率很差看个视频看久了眼睛都花,1,屏幕 分辨率 很差 看个 视频 看久 眼睛 都 花 
其他特色连个耳机都没有联系客服三天没回话,1,特色 耳机 都 没有 联系 客服 三天 没 回话 
必须差评过份了买手机不给我耳机只有一个充电器,1,差评 过份 买手机 耳机 充电器 
你们再转转吧第一次用荣耀手机这品质我也是无语了,1,转转 第一次 荣耀 手机 品质 无语 
客服差连个耳机都没有送货倒速度的估计人工都死了天天人机,1,客服 差连个 耳机 都 没有 送货 倒 速度 估计 人工 都 死 天天 人机 
稀烂收到货线下就降价十天不到线下降没见过这么坑的首发买的就像傻子似的,1,稀烂 收到 货 线下 降价 十天 不到 线 下降 没见 坑 首发 买 傻子 
我妈拍抖音用相机一点都不清楚差评,1,我妈 拍抖 音用 相机 一点 都 清楚 差评 
网速很差无论是连还是移动网络,1,网速 很差 无论是 移动 网络 
超级不好用又卡又慢,1,超级 不好 卡 慢 
手机卡的很电量续航也不行,1,手机卡 电量 续航 不行 
垃圾耳机自动取消了重新买还要钱,1,垃圾 耳机 自动 取消 重新 买 还要 钱 
现在华为不行了的手机还不如小米的第二天就卡了,1,现在 华为 不行 手机 还 小米 第二天 卡 
垃圾战斗机下载很长时间都下不的国货,1,垃圾 战斗机 下载 长时间 都 国货 
手机太卡待机的时候手机没网络,1,手机 太卡 待机 手机 没 网络 
这款手机真心不好用老是卡屏头大,1,款 手机 真心 不好 老 卡 屏头 
连个包装盒塑封都没有直接两个贴纸问客服说是会有京东专属塑封结果压根没有客服就推脱给京东客服京东客服压根没回复,1,包装盒 塑封 都 没有 直接 两个 贴纸 问 客服 说 京东 专属 塑封 压根 没有 客服 推脱 京东 客服 京东 客服 压根 没 回复 
垃圾货反应慢不好用,1,垃圾 货 慢 不好 
手机急用一直在等电话通知快递到了以后短信电话都没通知直接扔在快递服务点服务态度极差以后不会再京东购物了,1,手机 急用 电话 通知 快递 短信 电话 都 没 通知 直接 扔 快递 服务 点 服务态度 极差 京东 购物 
手机太差了打字校不准全是错别字一点不灵敏,1,手机 太差 打字 校 不准 全是 错别字 一点 不灵敏 
老妈说拍得照片乌漆麻黑很不比之前用久了的同价位的手机都差,1,老妈 说 拍 照片 乌漆 麻黑 用久 同价位 手机 都 差 
辣鸡买的时候说有价保等价格降了以后又说产品卖的好不给价保,1,辣鸡 买 说 价保 价格 降 说 产品 卖 价保 
正常京东物流今天下单明天就到了我下单五天才收到快递还天天催着发货货源距离收货地点一个多小时的车程竟然让我足足等五天真的无语啦,1,正常 京东 物流 下单 明天 下单 五天 收到 快递 还 天天 催着 发货 货源 距离 收货 地点 一个多 小时 车程 竟然 足足 五天 真的 无语 
导航不知道用哪个软件真垃圾定位跟不上,1,导航 知道 软件 真 垃圾 定位 跟不上 
垃圾感觉像是翻新机用了没几天卡的要死不推荐买,1,垃圾 感觉 像是 翻新 机用 没 几天 卡 要死 推荐 买 
买说送耳机又没送服务感觉也挺差的本想是支持国产手机没想到又遇到这么一个烂事这次购物体验太差了,1,买 说 送 耳机 没 送 服务 感觉 挺 差 想 支持 国产手机 没想到 遇到 烂事 这次 购物 体验 太差 
垃圾手机千万别买屏幕超级差拍照也不行没发用,1,垃圾 手机 千万别 买 屏幕 超级 差 拍照 不行 没发用 
屏幕音效音效不知道怎么吐槽谁用谁知道以后无爱了,1,屏幕 音效 音效 知道 吐槽 知道 无爱 
买之前跟客服沟通说下单赠送耳机收货后确没有解释说上一个同事不知道情况商家太没信誉了,1,买 客服 沟通 说 下单 赠送 耳机 收货 后确 没有 解释 说 同事 知道 情况 商家 太 没 信誉 
不推荐主要是沒有返回功能操作非常不方便,1,推荐 沒 返回 功能 操作 非常 方便 
手机有问题不给换货售后更是垃圾根本不给换货全是千万别买京东早晚得黄,1,手机 问题 换货 售后 更是 垃圾 根本 换货 全是 千万别 买 京东 早晚 黄 
东西还行买了没几天就开始赠品移动电源不开心给个差评,1,东西 还行 买 没 几天 赠品 移动 电源 开心 差评 
非常不好特别是拍照特别特别不行运行内存还是会卡,1,非常 不好 特别 拍照 特别 特别 不行 运行 内存 卡 
昨天收到的今早就开不了机了荣耀确实不咋样以后都不买荣耀的任何东西了太垃圾了,1,昨天 收到 早就 开 机了 荣耀 确实 咋样 都 买 荣耀 东西 太 垃圾 
这手机太垃圾了一点也不流畅基本没装什么东西,1,手机 太 垃圾 一点 流畅 没装 东西 
拍个白色结果发来一个蓝色找客服结果又是电脑退又麻烦的死,1,拍个 白色 发来 蓝色 找 客服 电脑 退 麻烦 死 
水货这手机不能用导航用了不准差劲的很,1,水货 手机 导航 不准 差劲 
小问题特别多唯一好点的是电池吧信号垃圾一个,1,问题 特别 唯一 好点 电池 信号 垃圾 
垃圾信号特别差,1,垃圾 信号 特别 差 
就一个充电器标配的耳机都没有华为现在芯片困难耳机也困难,1,充电器 标配 耳机 都 没有 华为 现在 芯片 困难 耳机 困难 
屏幕音效太差了老是没信号一样买了个水货,1,屏幕 音效 太差 老 没 信号 买 水货 
这什么鬼屏幕卡顿还不到一星期之前也卡屏过一次,1,鬼 屏幕 卡顿 还 不到 星期 卡屏 
你们这个是什么逻辑送手机卡竟然是湖南的卡我买手机邮寄地址是安徽你给我送湖南的卡搞笑的吧,1,逻辑 送 手机卡 竟然 湖南 卡 买手机 邮寄 地址 安徽 送 湖南 卡 搞笑 
大忽悠京东买了就降价发货也慢一星都不想给,1,忽悠 京东 买 降价 发货 慢 一星 都 不想 
手机卡顿太垃圾差评,1,手机卡 顿太 垃圾 差评 
连都搜不到垃圾,1,都 搜 不到 垃圾 
差评什么都不送价格还比别家贵买了以后才看到别家的价格客服态度也不行,1,差评 都 送 价格 还 别家 贵买 看到 别家 价格 客服 态度 不行 
刚买的新机卡插上去就没有网络体验非常差,1,刚买 新机 卡 插上去 没有 网络 体验 非常 差 
真的不怎么样玩着玩着不到分自己就锁屏幕把休眠时间设计调到十分钟后也是不行还是锁屏了,1,真的 不怎么样 玩 玩 不到 分 锁 屏幕 休眠 时间 设计 调 十分钟 不行 锁屏 
刚买第一天就降价广告宣传年全年价保结果申请被告知说有赠品不能价保商家跟京东一起互推责任虽然最后也给退了但是是很差的购物体验买这种电子产品真的是买晚不买早,1,刚买 第一天 降价 广告宣传 年 价保 申请 告知 说 赠品 价保 商家 京东 互推 责任 最后 退 差 购物 体验 买 这种 电子产品 真的 买 晚 买 早 
天自动关机这么都开不了机强制重启也打不开之前用的荣耀手机也是一样的问题,1,天 自动关机 都 开 机 强制 重启 打不开 荣耀 手机 问题 
与同价位红米相比运行速度慢同时下载王者荣耀或者退出重新进入游戏相比手机外观不够好看笨重,1,同价位 红米 相比 运行 速度慢 下载 王者 荣耀 退出 重新 进入 游戏 相比 手机 外观 好看 笨重 
运行速度手机不行后台老是自动清理真大家不哟买谁买谁上当,1,运行 速度 手机 不行 后台 老是 自动 清理 真 不哟 买 买 上当 
不是上面多一丝就是下面多一丝上面没有就下面下面没有就下面就多一丝丝,1,多一丝 多一丝 没有 没有 一丝丝 
手机看上去还可以就是客服真差劲问了两次都没有回复手机收到了打开里面被打开过质询客服没反应手机有时点好几下没反应,1,手机 看上去 还 客服 真 差劲 问 两次 都 没有 回复 手机 收到 打开 里面 打开 质询 客服 没 手机 有时 点 好几下 没 
运行速度一般待机时间般质量不好主要是网络太差,1,运行 速度 待机时间 般 质量 不好 网络 太 差 
你这个质量有问题触摸屏不行有时候点几下都不动什么情况你这个是不是旧手机搞的,1,质量 问题 触摸屏 不行 有时候 点 几下 都 不动 情况 是不是 旧 手机 搞 
正常使用不打游戏不看视频来一两个月就开始卡反正挺辣鸡的便宜没好货,1,正常 打游戏 不看 视频 一两个 月 卡 反正 挺辣鸡 便宜 没好 货 
手机的声音竟然是破音的对比一下年前买的同样价位的荣耀都比这个好得多华为把荣耀交给你们就做成这种烂货,1,手机 声音 竟然 破音 年前 买 价位 荣耀 都 好得多 华为 荣耀 交给 做成 这种 烂货 
太差劲了还是买了两个后悔了电池还不耐用,1,太 差劲 买 两个 后悔 电池 还 耐用 
翻新机收到货已经贴好钢化膜了手机充电非常烫运行速度非常卡不建议购买一直都相信京东自营这次非常失望可惜没有零星的评价,1,翻新 机 收到 货 贴 钢化 膜 手机 充电 非常 烫 运行 速度 非常 卡 建议 购买 都 相信 京东 自营 这次 非常 失望 可惜 没有 零星 评价 
拍照效果拍照效果差反应迟钝耳机都没有送一张没有用的夸省外地的烂电信卡极差无比,1,拍照 效果 拍照 效果 差 反应迟钝 耳机 都 没有 送 一张 没有 夸 省外 烂 电信卡 极差 无比 
买的时候还有充电宝回来只有手机和客服说不回我差太差了,1,买 充电 宝 回来 手机 客服 说 回 差太差 
手机信号不稳定谁用谁知道不相信你自己看着办我用的是移动卡有时候是网络有时候却变成信号烦,1,手机信号 稳定 知道 相信 看着办 我用 移动 卡 有时候 网络 有时候 信号 烦 
原装充电线用了一个月充不上电了咨询客服不管电话不接没人处理质量问题,1,原装 充电 线用 一个月 充不上 电 咨询 客服 电话 不接 没人 质量 问题 
像素不好还老死机电池也不耐用才用了一个月左右,1,像素 不好 还 老 死机 电池 耐用 一个月 
前阵子给老爸老妈各买了一个银黑今早老妈那个银的充电抖动然后关机现在一充电就抖动开不了机了,1,前 阵子 老爸 老妈 各买 银黑 今早 老妈 银 充电 抖动 关机 现在 充电 抖动 开 机了 
没注意到屏幕的分辨率竟然这么低看起来比较模糊另外就是我前天买的没有赠送耳机今天看到现在有耳机赠送问客服客服说先到先得赠完就没有了好吧碰巧我买的时候没有耳机赠送,1,没 注意 屏幕 分辨率 竟然 低 看起来 比较 模糊 前天 买 没有 赠送 耳机 看到 现在 耳机 赠送 问 客服 客服 说 先到 先得 赠 完 没有 碰巧 买 没有 耳机 赠送 
太差劲第一次京东买东西这么闹心刚买了就赠送耳机了退货吧客服说不能退回只能用一次完了无理由退货要我自己出运费自己出运费吧快递员还不知道要看实际退款到账弄的退货吧下次买没有了不退吧闹心没有耳机真是的京东自营对待会员竟然这样处理令人无语了非常不愉快的一次购物,1,太 差劲 第一次 京东 买 东西 闹心 刚买 赠送 耳机 退货 客服 说 退回 只能 完 无 理由 退货 运费 运费 快递 员 还 知道 看 退款 账 弄 退货 下次 买 没有 退 闹心 没有 耳机 真是 京东 自营 会员 竟然 令人 无语 非常 愉快 购物 
垃圾荣耀怪不得被华为扔掉还不如几百块钱的红米时不时的还会卡的退不出去,1,垃圾 荣耀 华为 扔掉 还 几百块 钱 红米 时不时 还 卡 退 
手机拿到手才用天就屏幕坏了跟客服沟通说不在保修范围内叫你们要个投诉的方式你们说没有我算你们狠店大欺客难怪要卖掉荣耀真是瞎了眼买你们家荣耀你们骗了钱好去买药吃是吧,1,手机 拿到 手才 用天 屏幕 坏 客服 沟通 说 保修 范围 要个 投诉 方式 说 没有 我算 狠 店大欺客 难怪 卖掉 荣耀 真是 瞎了眼 买 家 荣耀 骗 钱 买药 吃 
外形外观就带着各种地上摩擦的痕迹就给我发过来了比外面的快递盒子还脏无语,1,外形 外观 地上 摩擦 痕迹 给我发 过来 外面 快递 盒子 还脏 无语 
买来每次充电手机都发烫可能有问题建议大家不要买这款手机,1,买来 每次 充电 手机 都 发烫 问题 建议 买 这款 手机 
发热高屏幕效果差价格波动太频繁所谓价格保护就是欺骗一六九九买台手机二天时间就多花一百,1,发热 高 屏幕 效果 差 价格 波动 太 频繁 所谓 价格 保护 欺骗 九九 买台 手机 二天 时间 多花 一百 
确认二手手机刚刚拆封的手机屏幕上一堆指纹联系客服还说防拆标签完好不可能是二手真是差劲的一次体验怪不得评论上很多人都说的,1,确认 二手手机 刚刚 拆封 手机 屏幕 一堆 指纹 联系 客服 还 说 防 拆 标签 完好 二手 真是 差劲 体验 评论 都 说 
买回来天烧主板原来人家说京东卖翻新机我还不信结果被打脸了,1,买回来 天烧 主板 说 京东 卖 翻新 机 还 不信 脸 
经常打不通就是别人打这部手机没信号但又不是每次哎什么情况第一次踩雷,1,经常 不通 部手机 没 信号 每次 情况 第一次 踩 雷 
承诺的保价双结果当天又降壹佰多价格保护不认走客服补差价因为有赠品分摊价格又不能全补我也没求着你给我赠品吧现在谁还用这种耳机然后你自己非要送完了在这恶心谁呢双全是套路,1,承诺 保价 双 当天 降壹佰多 价格 保护 不认 走 客服 补 差价 赠品 分摊 价格 全补 没求 赠品 现在 还 这种 耳机 非要 送 完 恶心 双全 套路 
不好的体验入手一个月手机突然黑屏关机就开不了机了还得自己拿去手机店维修买者慎入,1,不好 体验 入手 一个月 手机 突然 黑屏 关机 开 机了 还 手机店 维修 买者 慎入 
买之前保价一年买之后保价天我就呵呵了第一次试国产再也不信了专坑自己人,1,买 保价 一年 买 保价 天 第一次 试 国产 再也 不信 专坑 
接受信号太差还不如手机感觉是水货,1,接受 信号 太差 还 手机 感觉 水货 
信号不好老卡顿声音也断断续续的有时候还有杂音,1,信号 不好 老卡顿 声音 断断续续 有时候 杂音 
除电量耐用其他都不咋地同环境下网络信号和流量特卡,1,电量 耐用 都 地同 环境 网络 信号 流量 特卡 
其他特色为什么送来的手机包装盒连塑料薄膜封装都没有就是简单的贴了两个胶条严重怀疑这是个二手机,1,特色 送来 手机 包装盒 塑料薄膜 封装 都 没有 简单 贴 两个 胶条 怀疑 手机 
这手机能正常使用吗,1,手机 正常 
东西不错就是客服太牛不理人店大欺客啊东西再好也没用态度不行这店没啥前途怪不得荣耀也被华为踢了,1,东西 不错 客服 太牛 不理 店大欺客 东西 没用 态度 不行 这店 没 前途 荣耀 华为 踢 
东西收到了手感好摸着舒服图案大气值得购买下次需要买啥再来光顾,1,东西 收到 手感 摸 舒服 图案 大气 值得 购买 下次 需要 买 光顾 
这个价格也就买了内存了国产芯片有时候卡信号不好在地铁里移动几乎没信号不知道其他运行商的卡咋样国产芯片还是有太大差距,1,价格 买 内存 国产 芯片 有时候 卡 信号 不好 地铁 里 移动 没 信号 知道 运行 商 卡 咋样 国产 芯片 有太大 差距 
拍照效果还可以屏幕音效屏幕反应迟钝卡慢我都有点怀疑是不是翻新机了本以为京东买东西保质保量的没想到收到的货也是真假难辨,1,拍照 效果 还 屏幕 音效 屏幕 反应迟钝 卡慢 都 有点 怀疑 是不是 翻新 机了 京东 买 东西 保质保量 没想到 收到 货 真假难辨 
屏幕的字回抖动的厉害像素不行还是机子问题,1,屏幕 字 回 抖动 厉害 像素 不行 机子 问题 
这机器总断网啊网络和手机卡没问题在老手机上用都正常,1,机器 总断 网 网络 手机卡 没 问题 老 手机 上用 都 正常 
差评差评买完刚开始降元过了几天又降价客服却说过了保价期凭什么买的同样的东西就要多掏一百多块钱而且上边促销赠送的耳机也没有送,1,差评 差评 买 完刚 降元过 几天 降价 客服 却说 保价 期凭 买 东西 掏 一百多块 钱 上边 促销 赠送 耳机 没有 送 
不得不说这手机的数据信号真不行同一张卡同一个地方我另一台完爆它便宜是有便宜的道理的,1,说 手机 数据信号 真 不行 一张 卡 同一个 地方 另一台 完爆 便宜 便宜 道理 
这款手机的数据看是好看可用起来卡慢得要谁买谁后悔,1,款 手机 数据 看 好看 可用 起来 卡慢 买 后悔 
新买的手机就这么卡打开包装感觉是个使过的,1,新买 手机 卡 打开 包装 感觉 
买给老爸用的反应过来说不好用信号不好看来也是靠不住,1,买 老爸 过来 说 不好 信号 不好 看来 靠不住 
价格太贵了和手机店里的元真是太坑人了我建议大家不要在这买如果想要的话去专卖店三百块钱能带家人吃顿饭了唉真是以后不能再京东买东西了,1,价格 太贵 手机 店里 元 真是太 坑人 建议 买 想要 专卖店 三百块 钱 能带 家人 吃 顿饭 真是 京东 买 东西 
充电器充电时间超过十分钟充电器就发热,1,充电器 充电 时间 超过 十分钟 充电器 发热 
差评第一次买华为的产品本来很有信心的结果买来两个月麦克风话筒就坏了,1,差评 第一次 买 华为 产品 本来 信心 买来 两个 月 麦克风 话筒 坏 
已经退货手机描述写的是高清屏实际却是手机扫描二维码码半天没反应,1,退货 手机 描述 写 高 清屏 却是 手机 扫描 二维码 码 半天 没 
标配手机没有配钢化膜手机反应慢打开视频等的心烦不知道别人的是怎么样,1,标配 手机 没有 配 钢化 膜 手机 慢 打开 视频 心烦 知道 
没有虚拟按键没有一键返回滑屏返回是最大糟点用得人抓狂,1,没有 虚拟 按键 没有 一键 返回 滑屏 返回 最大 糟点 抓狂 
刚买的手机就有点卡不怎么好连个充气袋也不放手机在快递盒里晃荡,1,刚买 手机 有点 卡 好连个 充气袋 不放 手机 快递 盒里 晃荡 
昨天晚上买的今晚就掉价拍照效果像素不好屏幕音效不好外形外观和想象中的差别太大了有点失望,1,昨天晚上 买 今晚 掉价 拍照 效果 像素 不好 屏幕 音效 不好 外形 外观 想象 中 差别 太大 有点 失望 
手机信号不稳开导航老是他是手机信号弱我这还是主卡副卡就没事,1,手机信号 稳开 导航 老是 手机信号 弱 主卡 副 卡 没事 
卡顿用荣耀很久了买个父母用出现这个情况才没一个月伤心虽然不是贵的,1,卡顿 荣耀 很久 买个 父母 情况 没 一个月 伤心 贵 
当时我选的是移动卡给我一张电信卡和一套激活流程被坑了大洋,1,我选 移动 卡给 一张 电信卡 一套 激活 流程 坑 大洋 
新机就卡屏不知道是不是因为芯片的问题用了很多年华为这次体验有点差,1,新机 卡屏 知道 是不是 芯片 问题 很多年 华为 这次 体验 有点 差 
刚买的手机就开不了机充电了也不行真的很无语还自营店,1,刚买 手机 开 机 充电 不行 真的 很无语 还 自营 店 
王者荣耀地图都刷不出来图四客服推荐从装游戏试了也没用两千多非常不值,1,王者 荣耀 地图 都 刷 图四 客服 推荐 从装 游戏 试 没用 两千多 非常 不值 
系统不好用还发热说好有返京豆结果不返问客服推三推四的到现在也没有反正谁买谁后悔不如买有优惠比它性价比好多拍照也也没人家好,1,系统 不好 还 发热 说好 返京 豆 不返 问 客服 推三推四 现在 没有 反正 买 后悔 买 优惠 性价比 好多 拍照 没 
非常差的一次网购手机用用就发热更不用说冲电了,1,非常 差 网购 手机 用用 发热 不用说 冲电 
手机发过来包装非常旧上面灰都有我都怀疑是二手机,1,手机 发过来 包装 非常 旧 灰 都 都 怀疑 手机 
拍照效果拍照极差送给女朋友彻底尴尬了很后悔的选择这个,1,拍照 效果 拍照 极差 送给 女朋友 尴尬 后悔 选择 
网络不稳定手机卡顿客服回复慢购物最差的一次体验,1,网络 稳定 手机卡 顿 客服 回复 慢 购物 最差 体验 
手机拿到第一时间拍了视频盒子上的标签是被人撕开过脏兮兮的样子真糟心,1,手机 拿到 第一 时间 拍 视频 盒子 标签 撕开 脏兮兮 样子 真糟 心 
手机跟手机套不配套用起来很费劲白买这些东西了,1,手机 手机套 配套 起来 费劲 白买 东西 
容易发烫拍照很模糊开视频人家根本都看不到清楚,1,发烫 拍照 模糊 开 视频 根本 都 看不到 清楚 
刚到手音质就很差打电话对面噼里啪啦的有异响,1,到手 音质 差 打电话 对面 噼里啪啦 异响 
太差劲了才用几天就坏了打算买的人多考虑一下吧别贪这点便宜,1,太 差劲 几天 坏 打算 买 考虑一下 贪 这点 便宜 
垃圾商品找客服百次都不回话有历史以来购物最不理想的还是京东不如多多,1,垃圾 商品 找 客服 百次 都 不回话 历史 购物 最 理想 京东 
拍照效果拍照效果和盗版手机一样暗黑无光太差劲了,1,拍照 效果 拍照 效果 盗版 手机 暗黑 无光 太 差劲 
其他特色一两千块钱的手机居然不配耳机垃圾其他的朋友们慎重考虑,1,特色 一两千块 钱 手机 不配 耳机 垃圾 朋友 慎重考虑 
不好手机信号很差而且手机也有点卡速度慢,1,不好 手机信号 很差 手机 有点 卡 速度慢 
屏幕已经花屏了特别容易有刮痕赠送的贴膜也是歪的,1,屏幕 花屏 特别 刮痕 赠送 贴膜 歪 
垃圾买了十天旧就降价百分之十几保价才保天京东现在是越来越不行了,1,垃圾 买 十天 旧 降价 百分之十几 保价 保天 京东 现在 越来越 不行 
手机封签打开过包装污染我买新手机发个二手过来有损京东形象二手京东名不虚传,1,手机 封签 打开 包装 污染 买 新手机 发个 二手 过来 有损 京东 形象 二手 京东 名不虚传 
最不愉快的一次购物拆开后手机屏是碎的希望厂家能尽快给办理退货,1,最 愉快 购物 拆开 手机 屏是 碎 希望 厂家 办理 退货 
垃圾连个耳机都没有啥都没有一个手机还卡,1,垃圾 耳机 都 没有 都 没有 手机 还卡 
商家只能用拉圾两个字形容联续商家售后问题竟然两天都没有回复,1,商家 只能 拉圾 两个 字 形容 联续 商家 售后 问题 竟然 两天 都 没有 回复 
本来不想给差评的但是这次快递太差了同意的时间给我耽误了一个星期买的时候客服可积极了下单了什么问题就是没人回复你,1,本来 不想 差评 这次 快递 太差 同意 时间 耽误 星期 买 客服 积极 下单 问题 没 回复 
刚买完一天就降价了买的时候不送耳机还贵才一天就降价还送耳机太坑了吧,1,刚买 完 降价 买 不送 耳机 还贵 降价 还 送 耳机 太坑 
收到货手机就看到拍照后镜头有裂痕本心情满满的期待第一次失望的购物,1,收到 货 手机 看到 拍照 镜头 裂痕 心情 满满的 期待 第一次 失望 购物 
手机屏很差不可以用其它牌子的蓝牙耳机,1,手机 屏 差 牌子 蓝牙 耳机 
垃圾手机用一会儿就发烫看电视里面是花的,1,垃圾 手机 一会儿 发烫 看电视 里面 花 
才买一个月就降价联系人工服务都是旗舰店推给京东联系京东客户意思就是早买的就该吃亏,1,买 一个月 降价 联系 人工 服务 都 旗舰店 推 京东 联系 京东 客户 意思 早买 吃亏 
一颗星都嫌多有问题推来推去第一次见识到了这样的客服跟快递员,1,一颗 星 都 嫌多 问题 推来推去 第一次 见识 客服 快递 员 
说实话真不好用信号弱网络特差买后悔了,1,说实话 真 不好 信号 弱 网络 特差 买 后悔 
垃圾手机一个月不到手机屏轻轻一碰就碎了,1,垃圾 手机 一个月 不到 手机 屏 轻轻 一碰 碎 
不满意你们引诱小孩买手机还借白条我家小孩正值高三关键期你们真害死人,1,满意 引诱 小孩 买手机 还 白条 我家 小孩 正值 高三 关键期 真 害死 
垃圾屏幕从床下摔下来钢化膜没碎屏幕碎了,1,垃圾 屏幕 从床 摔下来 钢化 膜 没碎 屏幕 碎 
手机有问题声音很小看下后续怎么解决吧,1,手机 问题 声音 很小 看 后续 解决 
没有拍照解锁只能侧面开关机解锁超级不好用根本感应不到,1,没有 拍照 解锁 只能 侧面 开关机 解锁 超级 不好 根本 感应 不到 
通话声音太小了根本听不见对方在讲什么希望大家不要购买这款手机,1,通话 声音 太小 根本 听不见 讲 希望 购买 款 手机 
运行速度慢显示不清楚照相也不行也就千电池有点用吧,1,运行 速度慢 显示 清楚 照相 不行 电池 有点 
大欺骗消费者订单处理太慢不追就不处理以后不能在京东买东西了,1,欺骗 消费者 订单 太慢 追 京东 买 东西 
快递的态度不好客服的态度也不好机器人一堆还不如店里面买一星都不想给,1,快递 态度 不好 客服 态度 不好 机器人 一堆 还 店 里面 买 一星 都 不想 
耗电快发热较严重有点失望,1,耗电 发热 有点 失望 
这是残次品吧电一点都不耐用不开任何应用不用数据就这样放着玛德一早上就只剩百分之,1,这是 残次品 电 一点 都 耐用 开 不用 数据 放着 玛德 早上 剩 百分之 
这里面也不给垫上东西电子产品晃着就物流了真是不负责任,1,里面 垫 东西 电子产品 晃 物流 真是 不负责任 
刚买回来就发卡过了几天导航定位么信号由于在跑长途货运无法退换毕竟价钱有限将就着用吧建议老年人或学生使用,1,买回来 发卡 几天 导航 定位 信号 跑 长途 货运 无法 退换 毕竟 价钱 有限 建议 老年人 学生 
手机卡竟然无法识别拍照也很模糊这样的商品怎么就出仓发货了呢没有考虑过用户的体验,1,手机卡 竟然 无法 识别 拍照 模糊 商品 出仓 发货 没有 考虑 用户 体验 
买来之后导航基本报废定位基本报废经常没信号配置和反应不搭,1,买来 导航 报废 定位 报废 经常 没 信号 配置 搭 
新手机收到没几天用着一直自己关机况且开机还要差充电器才能开机申请换货一个工作日了还没有处理结果,1,新手机 收到 没 几天 关机 开机 还要 差 充电器 才能 开机 申请 换货 工作日 还 没有 处理结果 
超级差评售后没有服务没有保修卡没有耳机啥都没有客服根本不理人买个手机就送一个充电器谁买谁上当,1,超级 差评 售后 没有 服务 没有 保修卡 没有 耳机 都 没有 客服 根本 不理 人买个 手机 送 充电器 买 上当 
不该信任官方店京东搜第一家店是官方没多想直接买了后来再一瞅比其他店贵了三百块草真坑花了冤枉钱亏死了第一次给差评心里还难受的块就为了个差评吐了,1,不该 信任 官方 店 京东 搜 第一家 店 官方 没多想 直接 买 瞅 店贵 三百块 草真 坑花 冤枉钱 亏死 第一次 差评 还 难受 块 差评 吐 
辣鸡手机太差劲用了将近一个月电池鼓起来就平常使用,1,辣鸡 手机 太 差劲 一个月 电池 鼓起来 平常 
不明白为什么一定要注册华为帐号不能跳过老人家弄了半天都登陆不了还密码错误要等三个小时明天还得找别人去帮忙弄以后不买华为手机了,1,明白 注册 华为 帐号 跳过 老人家 弄 半天 都 登陆 还 密码 错误 三个 小时 明天 还 找 帮忙 弄 不买 华为 手机 
打游戏上不了手的随便登个都烫太不值得了,1,打游戏 手 随便 登个 都 烫 太 值得 
用了一个星期左右指纹没反应有时候刚录完指纹怎么解锁都解不了,1,星期 指纹 没 有时候 刚录 完 指纹 解锁 都 解 
很一般的手机电量不够用跟导航不配导航信号弱像素差,1,手机 电量 导航 不配 导航 信号 弱 像素 差 
屏幕不高清不清晰画面很模糊很刺眼除了便宜没有别的优点,1,屏幕 高清 清晰 画面 模糊 刺眼 便宜 没有 优点 
建议大家谨慎购买买了用了不到两个月胶水全都出来了说给我处理好也没有给我处理好,1,建议 谨慎 购买 买 不到 两个 月 胶水 说 没有 
垃圾拆包手机膜就是坏的整到最后也没啥实在的补偿垃圾垃圾,1,垃圾 拆包 手机 膜 坏 整到 最后 没 实在 补偿 垃圾 垃圾 
这才买几天出现花屏淡淡的一条缝天天打着爱国旗号卖的什么产品,1,这才 买 几天 花屏 淡淡的 一条 缝 天天 打着 爱国 旗号 卖 产品 
此产品没配带耳机打电话给客服客服说超时了没办法补发这次购物最差劲的了这也太坑了吧,1,产品 没 配带 耳机 打电话 客服 客服 说 超时 没 办法 补发 这次 购物 最 差劲 太坑 
差评买两台手机居然不配机什么垃圾店,1,差评 买 两台 手机 不配 机 垃圾 店 
都是白边真没见过这么垃圾膜,1,都 白边 真 没见 垃圾 膜 
实在是太卡了新手机是这个样子好难过,1,实在 太卡 新手机 样子 难过 
质量太差用了不到一个月充电器坏了充不进电,1,质量 太差 不到 一个月 充电器 坏 充不进 电 
商家服务态度不好联系客户不理不睬的都是在忽悠找借口物流没有按时派送在站点停留了一天多后来是我自己去取的快递打电话也不接一直在逃避,1,商家 服务态度 不好 联系 客户 不理不睬 都 忽悠 找 借口 物流 没有 按时 派送 站点 停留 去取 快递 打电话 不接 逃避 
看超过十分钟手机会发热,1,看 超过 十分钟 手机 发热 
刚买一天就降价呵呵,1,刚买 降价 
屏幕音效我查了一下是高仿手机,1,屏幕 音效 我查 高仿 手机 
我裂开了一共买了个都是就颜色不一样其中一个机器昨晚上有提示更新我选的稍后安装大概是晚上自己安装了更新早上醒了发现这机器一直在反复重启拔出卡它就不重启了但是只要把卡插上去它就开始重启了换了别人的卡进去也是这样重启意思是不能用卡了这机器更新之前是好的啊另外一个也更新了是好的没有出问题,1,裂开 一共 买 都 颜色 机器 昨晚 提示 更新 我选 稍后 安装 晚上 安装 更新 早上 醒 发现 机器 反复 重启 拔出 卡 重启 卡 插上去 重启 换 卡 进去 重启 意思 用卡 机器 更新 更新 没有 问题 
这手机竟然没有陀螺仪吃鸡根本没得玩参数也不写明白白瞎了,1,手机 竟然 没有 陀螺仪 吃 鸡 根本 没得 玩 参数 写明 白白 瞎 
买了几天降价不给价保我恶意给的差评手机还是挺好的,1,买 几天 降价 价保 恶意 差评 手机 挺 
外包装不是全新的速度一般和我原有的效果差不多本来想买是希望能够尽快可以升级成鸿蒙系统的没想到华为卖了荣耀之后已经丢了华为的精神搞什么饥饿销售付款十多天才拿到货体验感超差差评,1,外包装 全新 速度 原有 效果 本来 想 买 希望 能够 升级成 鸿蒙 系统 没想到 华为 卖 荣耀 丢 华为 精神 搞 饥饿 销售 付款 十多天 拿到 货 体验 感超差 差评 
才用半天就感觉电池有问题一会就没电了喇叭也是有问题找了客服一直没反应很失望的一次购物,1,半天 感觉 电池 问题 没电 喇叭 问题 找 客服 没 失望 购物 
拍照效果稀烂别听他们吹了他们也就吹吹唢呐把他们的马愉悦的送走屏幕音效音效不咋滴听个响外形外观不错真全面屏运行速度游戏优化就是厕所级别王者断触吃鸡也不咋地待机时间更新系统后电池更耗电了原来这手机还会成长啊啥时候变人啊其他特色看视频模糊跟看所以加了这特色进去屏幕废物,1,拍照 效果 稀烂 听 吹 吹 吹 唢呐 马 愉悦 送走 屏幕 音效 音效 滴 听个 响 外形 外观 不错 真 屏 运行 速度 游戏 优化 厕所 级别 王者 断触 吃 鸡 待机时间 更新 系统 电池 耗电 手机 还会 成长 啥时候 变人 特色 看 视频 模糊 看 加 特色 进去 屏幕 废物 
晕死刚买回来的手机充电器直接报废客服还联系不上快下架时候买的无语了,1,晕死 买回来 手机 充电器 直接 报废 客服 还 联系 不上 下架 买 无语 
不要买京东已经不是之前那个京东了买的这款手机送的充电宝是接口而手机接口是接口根本不能用京东客服说送的就是这个接口让我已经出钱买了个转换线死活不能换说采购定的流程就是这样好吧你们店大欺客送赠品客人用不了真不如不送讲真京东除了送货快点真没有别的优势了售后压根不如第三方商家真后悔选择京东自营,1,买 京东 京东 买 这款 手机 送 充电 宝是 接口 手机 接口 接口 根本 京东 客服 说 送 接口 出钱 买 转换 线 死活 换 说 采购 流程 店大欺客 送 赠品 客人 真 不送 讲 真 京东 送货 快点 真 没有 优势 售后 压根 第三方 商家 真 后悔 选择 京东 自营 
差评使用后第六天听筒突然没声音了返回京东换货检测说听筒损坏主板也损坏了可能是进水导致手机正常使用未进水单纯质量问题就变成了消费者承担结果,1,差评 第六天 听筒 突然 没 声音 返回 京东 换货 检测 说 听筒 损坏 主板 损坏 进水 导致 手机 正常 未 进水 质量 问题 消费者 承担 
非常差的购物体验手机膜不给贴然后还不给贴膜视频找售后也解决不了售后客服非说已经贴膜了客服是怀疑我眼神不好么分不清是否贴膜么售后服务极差,1,非常 差 购物 体验 手机 膜 贴 还 贴膜 视频 找 售后 解决不了 售后 客服 非说 贴膜 客服 怀疑 眼神 不好 分不清 是否 贴膜 售后服务 极差 
买手机天后发现手机一个很隐蔽的地方有碎屏打给客服说外观问题发生小时后不能退换货了花了几千买了一个残次品,1,买手机 天后 发现 手机 隐蔽 地方 有碎 屏 客服 说 外观 问题 发生 小时 退换货 花 几千 买 残次品 
外形外观收到货后屏幕有一划屏幕音效单单一个差字无法形容放声音是破的拍照效果对于我一个不怎么拍照的人来说都不怎么样太亮了不真实运行速度有时会闪退啥情况待机时间也就待机还可以就是充电太慢其他特色第一次买华为很抱歉给您对来不好的评价我这是中雷了呢真是不好意思天呐把果退了换这玩意,1,外形 外观 收到 货后 屏幕 一划 屏幕 音效 差字 无法形容 放 声音 破 拍照 效果 拍照 来说 都 不怎么样 太亮 真实 运行 速度 有时 闪退 情况 待机时间 待机 还 充电 太慢 特色 第一次 买 华为 抱歉 不好 评价 中雷 真是 不好意思 天呐 果退 换 玩意 
绝对的差评拍的时候也不提醒客户送的膜是不防摔的只告诉我有膜赠送现在手机刚买不到一个月就碎屏了还不包维修真,1,绝对 差评 拍 提醒 客户 送 膜 不防 摔 告诉 膜 赠送 现在 手机 买不到 一个月 碎 屏 还 不包 维修 真 
这款手机质量太差友友们谨慎购买我买的这款手机用了不到一个星期就发现了主板有裂痕痕,1,款 手机 质量 太 差 友友 谨慎 购买 买 这款 手机 不到 星期 发现 主板 裂痕 痕 
什么都好就是太小气了现在生意做的连耳机都不送了块钱买的连个耳机都没有,1,都 太小 气 现在 生意 做 耳机 都 送 块钱 买 连个 耳机 都 没有 
品控相当垃圾发条坏了的充电线要求换线客服给发块钱让自己买我直接好家伙你店里的线多少钱一根自己不知道现在有没有货不知道吐了吐了,1,品控 相当 垃圾 发条 坏 充电 线 要求 换线 客服 发 块钱 买 直接 好家伙 店里 线 钱 一根 知道 现在 有没有 货 知道 吐 吐 
屏幕音效特别差刚买到声音发出来很奇怪没多想越用越觉得不对照这样刚买其实就是有质量问题的了到今天买了还不到一个月照客服说完的检测真的有问题然后让我要拿去他们指定的点修还都有点远说不然我可以选择寄修我刚买的手机就要修还要寄修或者跑大老远去修寄修我都不知道他会不会给我拆机了还是怎么弄自己去修离我最近的点都还要快二十多公里拍照效果前置的拍照真的有点无力吐槽了也太差了吧跟按键式的手机没差多少也不知道是只有我收到的是这样还是原本就这样外形外观包装我是真的不想说什么可能我买的不是贵重物品可能他们觉得他们的手机不值钱吧都不用选择填充物过少连填充物都没有就一个比手机盒大一圈的快递盒里面就手机就这样然后拆开里面就很脏连里面的手机也很脏可能觉得手机耐摔晃吧太失望了,1,屏幕 音效 特别 差刚 买 声音 发出 奇怪 没多想 越用 越 觉得 对照 刚买 质量 问题 买 还 不到 一个月 客服 说完 检测 真的 问题 指定 点 修 还 都 有点 远 说 选择 寄修 买 手机 修 还要 寄修 跑 大老远 修寄修 都 知道 他会 拆机 怎么弄 修离 最近 点 都 还要 二十多公里 拍照 效果 前置 拍照 真的 有点 无力 吐槽 太差 按键式 手机 没差 知道 收到 原本 外形 外观 包装 真的 不想 说 买 贵重物品 觉得 手机 不值钱 都 不用 选择 填充物 过少 填充物 都 没有 手机 盒大 一圈 快递 盒 里面 手机 拆开 里面 很脏 里面 手机 很脏 觉得 手机 耐 摔 晃 太 失望 
手机是旧的用过的保修时间都不对打开手机连淘宝拼多多抖音极速版这些都是下载好了还有好多不想说了差评差评,1,手机 旧 保修 时间 都 打开 手机 淘宝 拼 抖音 极速 版 都 下载 好多 不想 说 差评 差评 
京东很会玩很会玩比动物园里的耍猴人还会玩比疯狂的外星人里面的耿浩还会玩比如等你下完订单签收了就盯着你的签收日期会从口袋里拿出保价协议以下简称协议对着协议顺着目录找到你下单的商品种类在确定你的商品签收了个工作日以后他们降价然后你找客服咨询的时候隔着屏幕笑出叫,1,京东 很会 玩 很会 玩 动物园 里 耍猴 还 玩 疯狂 外星人 里面 耿浩 还 玩 完 订单 签收 盯 签收 日期 口袋 里 拿出 保价 协议 简称 协议 协议 目录 找到 下单 商品种类 确定 商品 签收 工作日 降价 找 客服 咨询 隔 屏幕 笑 
有质量问题机身发烫接听电话里面都听不见声音反馈给客服问题还不给解决超级差评,1,质量 问题 机身 发烫 接听电话 里面 都 听不见 声音 反馈 客服 问题 还 解决 超级 差评 
分都不能给没想到京东这么无耻利用白条骗取钱财用天猫这么多年没多收过一分钱买个多手机要收取高达百分之十的服务费还是故意用引诱你开通白条一步步引导你期免息结果你还钱的时候会发现要多还一个月提前还款也要多给百分之十京东金融几百万年薪的高管们想法设法吸取普通消费者的血在这个年代这么明目张胆的坑骗消费者我真无法想象免息分期的服务费居然能堪比高利贷用十几年几千上万分期也没有收过一分钱所谓的服务费以后永远不会用京东也会告诉身边人不要用而且我已经拨打了北京的进行消费投诉,1,分 都 没想到 京东 无耻 利用 白条 骗取钱财 用天 猫 多年 没多 收过 一分钱 买个 手机 收取 高 达 百分之十 服务费 故意 引诱 开通 白条 一步步 引导 你期 免息 还 钱 发现 还 一个月 提前 还款 百分之十 京东 金融 几百万 年薪 高 管们 想法 设法 吸取 普通 消费者 血 年代 明目张胆 坑骗 消费者 真 无法 想象 免息 服务费 能堪 高利贷 十几年 几千 上万 没有 收 一分钱 所谓 服务费 永远 京东 告诉 身边 拨打 北京 进行 消费 投诉 
国产机还是一如既往的让人失望在朋友的大力推荐下抱着再信一次国产的态度买了这款机谁知各种广告多一不小心就下载了啥一个电话号码用了几年了没接过什么境外奇怪的号码新机刚用了几天境外电话不知道打多少个了去自查吧其中有一个竟然知道号码的实名国产渣机都这价位了还卖广告卖如此厚颜无耻难道国产机商家就这段位,1,国产机 一如既往 失望 朋友 推荐 抱 信 国产 态度 买 这款机 广告 一不小心 下载 电话号码 几年 没 接过 境外 奇怪 号码 新机 刚用 几天 境外 电话 知道 自查 竟然 知道 号码 实名 国产 渣机 都 价位 还 卖 广告 卖 厚颜无耻 难道 国产机 商家 段位 
手机不行卡顿还没有我的的好用系统没有更新到没有一点大厂应有的担当去年才上市的机子停更了运存居然不如我的老手机运存的盒子是没有塑封的应该是七天机全新未拆封就是个笑话,1,手机 不行 卡顿 还 没有 系统 没有 更新 没有 一点 大厂 应有 担当 去年 上市 机子 停 运存 老 手机 运存 盒子 没有 塑封 七天 机 全新 未 拆封 笑话 
我当着快递员的面拆的包裹手机盒子有点脏想着只是盒子而已手机屏幕膜上有指痕感觉有点坏打开手机测试外音明显太小还带有杂音输入法也很垃圾总之不如在用的好用很明显客户退回去的手机都没进过检查就直接卖好恶心拜拜了,1,快递 员 面 拆 包裹 手机 盒子 有点 脏 想着 盒子 手机 屏幕 膜 指痕 感觉 有点 坏 打开 手机 测试 外音 明显 太小 还 带有 杂音 输入法 垃圾 明显 客户 退回去 手机 都 没 进过 检查 直接 卖好 恶心 拜拜 
很差网络信号一下有一下没有去小店买个东西付款会把人气晕没有几百块的手机网络信号都稳定,1,很差 网络 信号 没有 小店 买个 东西 付款 人气 晕 没有 几百块 手机 网络 信号 都 稳定 
太差了服务态度差评价还隐藏手机屏幕花了商家问题我要求换原款换了一个月才换到真的太差了我真是服了有问题找她们来回推让没有一个能解决问题的,1,太差 服务态度 差 评价 还 隐藏 手机 屏幕 花 商家 问题 要求 换 原款 换 一个月 换 真的 太差 真是 服 问题 找 来回 推让 没有 解决问题 
千万不要买谁买谁后悔我用的是网看个视频都卡等半天还没一个多小时手机还烫手把我吓得以为手机要爆了其他产品也好不到哪京东这家店铺不是图片上说的那样好评全是刷出来的还有店铺免费送的卡不要领全是套路开通后里面各种乱扣费送卡的派送员态度极其恶劣联通公司怎么雇不到人了吗路边摊的人都能用建议换掉此人,1,买 买 后悔 我用 网 看个 视频 都 卡 半天 还 没 一个多 小时 手机 还 烫手 手机 爆 产品 不到 京东 这家 店铺 图片 说 好评 全是 刷 店铺 免费送 卡 领全 套路 开通 里面 乱 扣费 送 卡 派送 员 态度 极其 恶劣 联通公司 雇 不到 路边摊 都 建议 换掉 此人 
网点服务态度差,1,网点 服务态度 差 
第一次用华为怎么说呢纠结了好久才选的这款手机今天开箱下点软件半个小时没有手机就发烫客服说我这是三包的让我去检测一下才买的新机就拿去检测手机生产出来没检测吗难道还是说生产根本就不在意这些而且这手机啥配件就没有耳机都没有看别人客服说每个人对耳机需求不一样就算每个人需求不一样那也不应该不配耳机啊我以前买东西基本不管好坏都不会评论但这次是在太失望了哎烫手有时候稍微卡顿哎,1,第一次 华为 说 纠结 好久 选 这款 手机 开箱 下点 软件 半个 小时 没有 手机 发烫 客服 说 三包 检测 买 新机 检测 手机 生产 没 检测 难道 说 生产 根本 不在意 手机 配件 没有 耳机 都 没有 看 客服 说 每个 耳机 需求 每个 需求 不配 耳机 买 东西 好坏 都 评论 这次 太 失望 烫手 有时候 稍微 卡顿 
用了一段时间手机反应超慢建议不要买去实体店买吧信号也垃圾,1,一段时间 手机 超慢 建议 买 实体店 买 信号 垃圾 
反人类设计的耳机孔在手机上方早知道不买了打算退货,1,反 人类 设计 耳机 孔 手机 上方 早 知道 不买 打算 退货 
差评收到货后面有裂痕都说京东买到用过的手机还不信这次真是领教了关键是还不给退换原因是已经用过了刚买的谁会想到是碎的直接开机试用然后才发现有裂痕手机后壳还是玻璃的也没有提醒是玻璃啊设计是怎么想的,1,差评 收到 货 裂痕 都 说 京东 买到 手机 还 不信 这次 真是 领教 关键 还 退换 原因 用过 买 谁会想到 碎 直接 开机 试用 发现 裂痕 手机 后壳 玻璃 没有 提醒 玻璃 设计 想 
外形外观屏幕又长又窄看起来就像一块红砖一样真是作孽了才买这手机大家千万不要买,1,外形 外观 屏幕 长 窄 看起来 一块 红砖 真是 作孽 买 手机 买 
这是我在京东买手机体验最差的一次了货物拿到后看到手机盒塑封是印有京东字样的塑料薄膜撕开后手机盒表面有点脏但封条貌似一边完好一边有些破旧拆开盒子装手机主机的袋子皱皱巴巴坑坑洼洼袋子没有任何封装拿出主机主机背面的缝隙里积满了灰尘是不是给我发了个二手机货维修机啊严重怀疑是全新机这原来的华为荣耀也有点太不负责任了吧难道这就是你们的企业文化吗还有京东现在也这么把关不严了啊,1,京东 买手机 体验 最差 货物 拿到 看到 手机 盒 塑封 印有 京东 字样 塑料薄膜 撕开 手机 盒 表面 有点 脏 封条 貌似 完好 破旧 拆开 盒子 装 手机 主机 袋子 皱皱巴巴 坑坑洼洼 袋子 没有 封装 拿出 主机 主机 背面 缝隙 里 积满 灰尘 是不是 给我发 手机 货 维修 机 怀疑 全新 机 华为 荣耀 有点 太 不负责任 难道 企业 文化 京东 现在 把关 不严 
差评手机刚收到天就掉价有意思的是手机没有耳机第一次在京东买东西很不愉快这一星都不想给差评差评差评,1,差评 手机 收到 天 掉价 有意思 手机 没有 耳机 第一次 京东 买 东西 愉快 这一星 都 不想 差评 差评 差评 
下单时特意问过客服有没有贴膜客服信誓旦旦地说手机出厂时有贴膜结果收货发现找客服说起这个结果客服是百般抵赖各位推诿不想多说也就这样了吧,1,下单 时 特意 问过 客服 有没有 贴膜 客服 信誓旦旦 地说 手机 出厂 时有 贴膜 收货 发现 找 客服 说起 客服 百般 抵赖 推诿 不想 说 
自营从来没给过差评给这个差评两点原因一是买完两天就降一百价保还不通过说是有赠品我就想问懂嘛叫赠品吗是消费者非要的吗你哪自拍杆要是加一百做成套餐你看有人买吗其二是新机开包既然没有前后保护膜用了那么多部智能机华为的也是第三部了头一次碰到,1,自营 没 差评 差评 两点 原因 一是 买 完 两天 降 一百 价保 还 说 赠品 想 问 懂 赠品 消费者 非要 拍杆 加 一百 做成 套餐 看 有人 买 新机 开包 没有 保护膜 多部 智能机 华为 第三部 头 碰到 
差评给京东物流明明承诺时效却极度缓慢一次两次可以理解可本人就经历好多次了每次都是给默认好评这次又是次日达那么真得说道说道了这个订单比预期最晚到达晚了个多小时全订单多小时才收货这和和次日达有什么区别选择京东就是为了收货快既然如此为什么还要选择在京东购物呢京东还有什么优势呢,1,差评 京东 物流 明明 承诺 时效 极度 缓慢 两次 理解 本人 经历 每次 都 默认 好评 这次 次日 达 真 说道 说道 订单 预期 最 晚 到达 晚 小时 全 订单 小时 收货 次日 达有 区别 选择 京东 收货 既然如此 还要 选择 京东 购物 京东 优势 
千万不要买的买了以后还要买个存储卡你以为是普通的存储卡吗那你就想错了你必须买华为自己的卡只能用在华为手机同样华为手机也只能用卡卡贼贵有兴趣的可以去搜一下然后你以为完了吗并没有买了卡以后安装好了结果存储的东西都不能放到卡里面去因为你创建了应用分身真这手机早知道我就买个的了这事情真的恶心到人了去的,1,买 买 还要 买个 存储卡 普通 存储卡 想 错 买 华为 卡 只能 华为 手机 华为 手机 只能 卡卡 贼 贵有 兴趣 搜 完 没有 买 卡 安装 存储 东西 都 放到 卡 里面 创建 分身 真 手机 早 知道 买 事情 真的 恶心 
运行速度的玩王者总是不受控制总是自己往一个方向跑或者待一个地方不动直接掉俩星,1,运行 速度 玩 王者 受 控制 方向 跑 地方 动 直接 掉 俩 星 
外形外观特别不好一点也不好看太沉重了屏幕音效屏幕亮度太低太暗拍照效果拍照不好尤其是自拍像素低美颜不好运行速度太慢现在刚用就天就卡待机时间待机时间太短用到下午点钟就快没有电了用不到一天其他特色太不好了太差了前几天买的时候没有钥匙扣和荣耀耳机欺骗消费者严重欺骗消费者,1,外形 外观 特别 不好 一点 好看 太沉重 屏幕 音效 屏幕 亮度 太低 太暗 拍照 效果 拍照 不好 自拍 像素 低 美颜 不好 运行 速度 太慢 现在 刚用 天 卡 待机时间 待机时间 太短 用到 下午 点钟 没有 电 不到 特色 太 不好 太差 前 几天 买 没有 钥匙扣 荣耀 耳机 欺骗 消费者 欺骗 消费者 
第一次遇到如此艰难的换货年三十收到的手机发现问题年初二京东就安排取走完成检测客服答应换新机但因为此款手机断货说好新货一到就发给我们虽然不能及时用上手机挺闹心但依然表示理解并且耐心等待没想到这一等就是半个多月昨天中午系统显示新机已经到货我这边可以下单购买即时发货可商家依然没有给我换货一直等到晚上还是没有给我换货我开始担心新货再次售罄主动联系客服答应尽快给我发货可我等啊等至今仍然没有给我发货我想问问这是什么操作拖着干嘛换货发的货难道和新下单购买的货不一样吗买部手机快一个月都没能用上换货的客户就不需要被尊重吗,1,第一次 遇到 艰难 换货 年三十 收到 手机 发现 问题 年初二 京东 安排 取 走 检测 客服 答应 换 新机 此款 手机 断货 说好 新货 一到 发给 手机 挺 闹心 依然 表示 理解 耐心 等待 没想到 一等 半个 多月 昨天中午 系统 显示 新机 到货 下单 购买 即时 发货 商家 依然 没有 换货 等到 晚上 没有 换货 担心 新货 售罄 主动 联系 客服 答应 发货 至今 没有 发货 想 问问 这是 操作 拖 干嘛 换货 发 货 难道 新 下单 购买 货 买 部手机 一个月 都 没能 换货 客户 需要 尊重 
是我买到假里了还是质量的问题简直太垃圾了才买了半月左右触屏就失灵了,1,买 假里 质量 问题 简直 太 垃圾 买 半月 触屏 失灵 
运行速度刚开始还好越用到后面十几天时就不行了反应也慢了很多还有些软件先开始能用到后面直接打不开或者很慢而且还经常断线信号不稳定刚开始以为是网络信号问题但我用的旧手机对比打视频或电话都不会掉线或听不到声音这手机真是无语了,1,运行 速度 还好 越 用到 十几天 时 不行 慢 还 软件 先 用到 直接 打不开 慢 还 经常 断线 信号 稳定 网络 信号 问题 旧 手机 视频 电话 都 掉 线或 听 不到 声音 手机 真是 无语 
一次管够手机太难用新手机竟然闪退本人不玩游戏正常浏览网页情况下经常死机不建议购买,1,管够 手机 太难用 新手机 竟然 闪退 本人 玩游戏 正常 浏览 网页 情况 经常 死机 建议 购买 
为出远门的朋友应急买的为了保证时间选了京准达结果到了时间一问快递员说还没到站点客服也没人来联系一下告知情况去催问了上来就说给你补点京豆吧好像每个人都稀罕你们这点补偿一样最后手机比约定时间晚了个小时才收到不得不开车大老远给朋友再送去从去年以来对京东的使用感受越来越差现在物流也没法保障还要忽悠你加上你们售后明目张胆克扣返修显卡吃差价当用户这种事情层出不穷看来是已经彻底不要脸了最后我要说请客服不要在我的评论写套话只会起反作用真的长点脑子在京东买东西的体验现在已经非常恶劣了反正是看运气拼多多去吧最后是荣耀手机你们一个破手机个颜色到处都要缺个色实体店也没有怎么说你们这黑色机器是用黑曜石做的材料特别珍贵是吗工业产品搞饥饿营销,1,出远门 朋友 应急 买 保证 时间 选了 京准 达 时间 一问 快递 员 说 还 没到 站点 客服 没人来 联系 告知 情况 催 问 说 补点京豆 好像 每个 都 稀罕 这点 补偿 最后 手机 约定 时间 晚 小时 收到 开车 大老远 朋友 送 去年 京东 感受 越来越 差 现在 物流 没法 保障 还要 忽悠 售后 明目张胆 克扣 返修 显卡 吃 差价 用户 这种 事情 层出不穷 看来 不要脸 最后 要说 请客 服 评论 写 套话 只会 反作用 真的 长点 脑子 京东 买 东西 体验 现在 非常 恶劣 反正 看运气 拼 最后 荣耀 手机 破 手机 颜色 都 缺个色 实体店 没有 说 黑色 机器 黑曜石 做 材料 特别 珍贵 工业 产品 搞 饥饿 营销 
感到很寒心这么多年买东西第一次给差评做梦也没想到会是荣耀早晨给公交卡充值无论如何也刷不到卡因为很少用到公交卡以为卡出问题了鼓捣一大早晨最后试了旧手机一下就好了这才发现没有功能以往不到的手机都有这个功能为什么多的没有呢为什么呢难道不能稍稍牺牲一下其它的性能加上这个实用的功能吗关键是买的时候根本不知道啊这年头买手机日常使用还需要提前做功课吗真不带这么的下次真的要换一个牌子了,1,感到 寒心 多年 买 东西 第一次 差评 做梦 没想到 荣耀 早晨 公交 卡 充值 无论如何 刷 不到 卡 用到 公交 卡 卡出 问题 鼓捣 一大 早晨 最后 试 旧 手机 发现 没有 功能 以往 不到 手机 都 功能 没有 难道 稍稍 牺牲 性能 实用 功能 关键 买 根本 知道 这年头 买手机 日常 还 需要 提前 做 功课 真不带 下次 真的 要换 牌子 
手机包装非常差二次销售产品机盒没有封胶膜摇框纸盒听到手机在盒里面没有固定正常新机包装是有按键提示膜的没有,1,手机 包装 非常 差 二次 销售 产品 机盒 没有 封 胶膜 摇框 纸盒 听到 手机 盒 里面 没有 固定 正常 新机 包装 按键 提示 膜 没有 
支持华为买的指纹没有一次解锁的,1,支持 华为 买 指纹 没有 解锁 
屏幕音效用了几天触屏有问题,1,屏幕 音效 几天 触屏 问题 
触屏不准还没有软件可用来校正,1,触屏 不准 还 没有 软件 可用 校正 
手机还没开封价格就降了多这么不保值的吗,1,手机 还 没 开封 价格 降 保值 
半个月降了保价才天这是明知道要降价么套路可以,1,半个 月 降 保价 天 明 知道 降价 套路 
没有耳机和实体店不一样,1,没有 耳机 实体店 
标配和耳机套餐一样价大家别拍错了,1,标配 耳机 套餐 价 别拍 错 
刚用了没几天就坏了真的不喜欢,1,刚用 没 几天 坏 真的 喜欢 
发的颜色和我拍的颜色不符,1,发 颜色 拍 颜色 不符 
贴个膜都要给你贴来歪起态度问题,1,贴个 膜 都 贴 歪 态度 问题 
通话过程中经常听不到对方声音和多个人打电话都是这样差评差评,1,通话 过程 中 经常 听 不到 声音 打电话 都 差评 差评 
这个手机太拉夸了他的像素特别低像照不清楚似的白瞎了好几个眼睛失望的购物体验,1,手机 太拉夸 像素 特别 低像照 清楚 白 瞎 好几个 眼睛 失望 购物 体验 
哎这三刀头的真垃圾刮不干净不说还容易刮伤准备退货了马上转冬天了伤不起,1,刀头 真 垃圾 刮 干净 说 还 刮伤 退货 马上转 冬天 伤不起 
货还没送到手快递分打个电话问说你地址在哪儿电话一接完分不到系统就显示已经配送完成我根本没有签收难道京东买东西不需要本人签收吗,1,货 还 没 送到 手 快递 分打个 电话 问说 地址 电话 接完 分 不到 系统 显示 配送 根本 没有 签收 难道 京东 买 东西 需要 本人 签收 
刚买完第二天就降还不给退差价,1,刚买 完 第二天 降 还 退 差价 
其他特色买的时候显示有耳机发货就没有,1,特色 买 显示 耳机 发货 没有 
手机还不错却没有耳机差评,1,手机 还 不错 没有 耳机 差评 
用了一个月屏幕就换了,1,一个月 屏幕 换 
耳机呢耳机呢耳机呢,1,耳机 耳机 耳机 
刚买十天就降还不让保价,1,刚买 十天 降 还 不让 保价 
儿子为了孝敬父母网上买个华为手机收到手机开机系统显示全部是藏文老年人为了个手机还得去市里跑一趟售后服务中心严重影响家庭心情差评,1,儿子 孝敬父母 网上 买个 华为 手机 收到 手机 开机 系统 显示 藏文 老年人 手机 还 市里 跑 一趟 售后服务 中心 影响 家庭 心情 差评 
其他方面正在用等后期评价就单纯的超级快充就有点骗人了一个半小时才充了的电量真不如普通的国产机,1,方面 正在 后期 评价 超级 快充 有点 骗人 一个半 小时 充 电量 真 普通 国产机 
打电话声音小我要退货,1,打电话 声音 退货 
拉机屏幕解锁慢的不行反应还慢,1,拉机 屏幕 解锁 慢 不行 还慢 
没有耳机没有耳机没有耳机一星好评,1,没有 耳机 没有 耳机 没有 耳机 一星 好评 
买手机居然没有耳机的,1,买手机 没有 耳机 
手机卡还黑屏了几次此次购物不满意,1,手机卡 还 黑屏 几次 此次 购物 满意 
其他平台有送耳机这里竟然没送搞的心情不好,1,平台 送 耳机 竟然 没送 搞 心情 不好 
吃了个闷亏下回记住再也不要这样了,1,吃 闷 亏 下回 记住 再也 
收到的手机不是原封包装,1,收到 手机 原封 包装 
手机刚买一周直接黑屏了怎么也重启不了,1,手机 刚买 一周 直接 黑屏 重启 
不想多说什么买的自己想好再买,1,不想 说 买 想 买 
买了没多久就降价颜色也发错,1,买 没多久 降价 颜色 发错 
我晕东西昨天到的今天就少一百,1,我晕 东西 昨天 少 一百 
可以只有一个颜色有点坑,1,颜色 有点 坑 
不值得有钱千万别买这个手机,1,值得 有钱 千万别 买 手机 
感觉有点小小的有点过分,1,感觉 有点 小小的 有点 过分 
买了手机配耳机多了元单买一起跟手机买多了元差评第一次给差评差评差评差评差评差评差评,1,买 手机 配 耳机 元 单买 手机 买 元 差评 第一次 差 评差 评差 评差 评差 评差 评差评 
刚买两天降价好评是没了,1,刚买 两天 降价 好评 没 
明确下单即送耳机都没有用,1,明确 下单 送 耳机 都 没有 
不带耳机单独买的虽然说耳机不值钱,1,不带 耳机 单独 买 说 耳机 不值钱 
买了还没有天就降价醉了,1,买 还 没有 天 降价 醉 
没送耳机没送耳机没送耳机,1,没送 耳机 没送 耳机 没送 耳机 
手机屏幕外面会出现网格新到的就是这样的,1,手机 屏幕 外面 网格 新到 
每次上一不一样,1,每次 
待机时间的新手机昨天晚上收到的货今天中午充完电一下午就没电了新手机费电也太快了吧运行速度退出出问题了客服说让我换一种导航方式但是如果是导航方式的话为什么点左上角的叉号也不管用呢指关节截屏也有问题截了一张图之后再截第二张图就不行了只用了一天很多功能都没有开发就出现了非常多的问题全家用的都是荣耀手机但是这次的体会非常非常不好差评,1,待机时间 新手机 昨天晚上 收到 货 中午 充完 电一 下午 没电 新 手机费 电 太快 运行 速度 退出 问题 客服 说 换 一种 导航 方式 导航 方式 点 左上角 叉号 指关节 截屏 问题 截 一张 图 再截 第二张 图 不行 只用 功能 都 没有 开发 非常 问题 全家 都 荣耀 手机 这次 体会 非常 非常 不好 差评 
手机中间突然有一条竖线屏幕很容易坏我才用了半个月啊啊啊啊客服不给修手机特别重很容易砸下来服了再也不想用华为了,1,手机 突然 一条 竖线 屏幕 坏 半个 月 啊啊啊 客服 修 手机 特别 重 砸 服 再也 不想 华为 
一分钱一分货手机系统阉割严重隐私空间和多用户都没有相机算法也不给下放一点体验也没有另外屏幕真的是一言难尽我这台是天马屏幕背光超级刺眼听说是单背光超高色温比几百块的手机还辣眼睛真的真的真的不推荐买已经在了,1,一分钱 一分货 手机 系统 阉割 隐私 空间 多用户 都 没有 相机 算法 下放 一点 体验 没有 屏幕 真的 一言难尽 这台 天马 屏幕 背光 超级 刺眼 听说 背光 超高 色温 几百块 手机 还 辣 眼睛 真的 真的 真的 推荐 买 
首先劝大家不要在这里购买手机收到手机后打开快递盒手机包装盒没有包装膜只有张防撕封条里面的手机包装只有塑料袋套着手机且手机屏幕没有屏幕膜背部也没有膜可以确定这个是京东的二手机有图为证但是没办法老人要回老家来不及更换只能接受使用心中无数狂奔而过这就是京东自营的手机,1,劝 购买 手机 收到 手机 打开 快递 盒 手机 包装盒 没有 包装 膜 张防 撕 封条 里面 手机 包装 塑料袋 套 手机 手机 屏幕 没有 屏幕 膜 背部 没有 膜 确定 京东 手机 有图 为证 没 办法 老人 回老家 来不及 更换 只能 接受 心中无数 狂奔 京东 自营 手机 
